Years_of_Experience,Education_Level,Job_Complexity,Work_Hours_Per_Week,Company_Size,Salary (Euros),Buyer_Income (Euros)
0.17062783709643578,3,8,0.19201375754752883,1,0.7967939567328333,1.2585493858445174
-1.27321150120093,3,6,-0.62805720208194,1,-1.041924326234431,-1.1127810044883046
0.7651499175718217,2,7,0.5434727402458727,1,1.013170543243728,0.6167809616646418
-0.2540307918145541,3,9,-1.3309751674786277,0,-0.001931565035510682,0.2759978978286014
1.0199450949184157,3,6,0.6606257344786539,1,1.459607279253403,1.0144893439359142
0.8500816433540197,2,10,-0.62805720208194,0,1.0151433268646808,0.7124693078424587
-1.528006678547524,2,10,-1.6824341501769715,1,-0.7164570028968024,-0.49080413234716297
0.6802181917896237,3,7,-0.8623631905475025,0,0.4239378523727408,-0.018244119627750178
1.5295354496116036,1,7,1.129237711409779,0,1.1972690317862658,1.409893202792926
0.17062783709643578,1,9,1.5978496883409041,1,0.43506099406534743,0.5958986637284519
1.6144671753938016,2,8,-0.62805720208194,0,1.5532095659496774,1.3454520642536318
0.2555595628786338,3,8,0.7777787287114352,2,1.1079061311690603,1.0575338720318972
1.6144671753938016,2,9,-0.7452101963147213,2,2.37900839485663,2.480640209677033
0.2555595628786338,2,2,0.6606257344786539,2,0.3184568898311544,0.3340946386329933
-0.3389625175967521,3,1,1.4806966941081228,0,-1.0985893876873327,-0.7725267749242921
-0.763621146507742,2,8,1.4806966941081228,2,-0.42339369988631426,-0.7086608596282563
0.9350133691362177,2,1,-1.6824341501769715,1,0.4704032027641201,0.5015342184513181
-1.27321150120093,3,4,0.3091667517803101,2,-0.7607816731888498,-0.33352938458134274
1.3596719980472076,1,6,-1.5652811559441902,0,0.7661948235482664,1.4188761245349477
0.6802181917896237,3,9,1.0120847171769978,0,0.8182007577261516,0.8807523601724621
0.6802181917896237,1,10,-0.3937512136163775,2,1.225223795436364,1.1996007014989176
-0.4238942433789501,2,7,1.0120847171769978,2,0.09397929823847459,0.4133278082594469
-1.612938404329722,3,7,0.42631974601309136,2,-0.5812583636821386,-0.9722849459253858
1.2747402722650096,3,4,-0.7452101963147213,2,1.308500448712332,0.9493084021510828
-0.16909906603235617,1,4,-1.6824341501769715,1,-0.5736190739158956,-0.17266130676577018
-1.103348049636534,2,9,-0.0422922309180337,1,-0.8037631716538655,-0.7659326835094626
-1.69787013011192,2,10,-1.4481281617114088,1,-1.1769970430903107,-0.8270023522961939
-0.763621146507742,1,8,-0.0422922309180337,1,-0.4334255144694576,-0.32493128960935486
-1.612938404329722,1,1,-0.8623631905475025,2,-2.1134816253685975,-1.845792097872679
1.3596719980472076,2,10,-0.8623631905475025,1,1.4545703849020337,1.180400911380141
1.2747402722650096,2,4,-1.5652811559441902,0,0.7185961719278291,0.6092590908252018
-1.69787013011192,2,4,0.7777787287114352,0,-1.860503606571088,-1.5466469678484407
0.0007643855320398109,2,7,1.4806966941081228,0,-0.032027008784940636,-0.4343390731830098
-1.103348049636534,2,6,1.5978496883409041,2,-0.842715154637786,-0.3820107001055434
-1.018416323854336,3,6,-0.62805720208194,1,-0.6265064646052704,-0.9343682143709889
-1.443074952765326,3,5,1.4806966941081228,2,-0.6796457000122137,-0.3994755427002985
-0.5088259691611481,3,10,-0.62805720208194,1,0.24206399216872407,-0.3032341593089418
1.5295354496116036,1,4,1.129237711409779,2,1.410119792251202,1.6988714838528671
0.3404912886608317,2,3,1.0120847171769978,1,-0.002938943905784488,-0.5192074943580758
0.2555595628786338,1,4,0.8949317229442164,1,-0.2464727857944771,-0.6903973199636195
0.5952864660074257,3,3,-0.8623631905475025,2,0.6663383930323754,1.062481760041581
1.4446037238294056,3,2,0.8949317229442164,2,1.1937012316207127,0.6226058029217615
-1.103348049636534,1,10,0.42631974601309136,0,-1.2651846683588635,-1.4374259503067832
1.1048768207006137,1,3,0.7777787287114352,2,0.6877871681452885,0.9301279743855154
-1.103348049636534,3,1,0.07486076331474757,0,-1.2160749484330153,-0.919649598873081
0.9350133691362177,1,8,-1.3309751674786277,0,0.6784689135952557,0.5119229277128048
-1.27321150120093,3,3,1.4806966941081228,0,-1.4575100843419708,-1.71207891366838
-0.84855287228994,1,5,1.7150026825736853,2,-0.4861030345608587,-0.27876135499950944
1.2747402722650096,3,8,0.19201375754752883,2,1.875444882078511,2.6375841839088623
-0.3389625175967521,1,3,-1.0966691790130652,2,-0.7671197652476558,-0.8524985376492074
-1.358143226983128,2,9,1.7150026825736853,1,-1.0172855180323177,-0.5956799151227753
0.5103547402252278,3,3,1.5978496883409041,1,0.16462174151642525,0.13445183498643817
1.4446037238294056,2,5,-0.15944522515081497,2,1.7711391948855773,1.1707407106581533
0.5103547402252278,1,1,-0.9795161847802838,1,-0.5633773887347786,-0.9317151685989612
1.4446037238294056,1,1,0.7777787287114352,2,0.5983822934084883,0.41274048354543275
1.2747402722650096,2,8,0.19201375754752883,0,1.3934560667720897,0.7838369248600077
0.3404912886608317,3,2,1.7150026825736853,2,0.6188236896511276,0.2852143779562102
0.2555595628786338,2,10,1.129237711409779,2,0.8216426355329205,0.30999455962283945
-0.933484598072138,1,5,-0.27659821938359624,1,-1.4413080741784006,-1.4435960868628015
-1.018416323854336,1,5,1.129237711409779,0,-1.6115970773742685,-1.6726321528280927
0.2555595628786338,2,10,-1.5652811559441902,0,0.3528756678988427,0.043767446966140246
0.4254230144430297,3,5,-0.0422922309180337,2,0.7700564425509826,0.6422404392230292
1.3596719980472076,2,2,0.5434727402458727,0,0.7750093886631622,0.6175978109406576
1.3596719980472076,1,3,0.5434727402458727,0,0.6225174121754649,0.13081413287724825
-0.6786894207255441,2,9,-0.0422922309180337,1,-0.17482296364625263,0.29231108378976317
1.5295354496116036,1,5,-0.3937512136163775,0,0.7338747514603151,1.2561415965464737
0.2555595628786338,3,1,0.5434727402458727,0,-0.5986356491943617,-0.7350424692582355
1.1048768207006137,3,5,0.8949317229442164,1,1.2036071238450718,0.9246815057806937
0.9350133691362177,1,9,-1.2138221732458463,0,0.9390442480394136,0.3049099249936153
0.8500816433540197,2,8,-0.5109042078491588,2,1.2151500067336258,0.6220221086489738
0.7651499175718217,1,6,-1.0966691790130652,0,0.46641566140261964,0.38019882191839877
1.3596719980472076,2,4,0.8949317229442164,0,0.590281288326703,0.47425750336776956
1.3596719980472076,2,6,-0.5109042078491588,1,1.094138619941985,1.1616767090620674
1.6144671753938016,1,9,-1.6824341501769715,1,1.766815860567319,1.6576974397533701
-0.3389625175967521,1,1,0.19201375754752883,0,-1.4380340928500106,-1.2006106555573124
1.6144671753938016,3,7,0.3091667517803101,0,1.616548512418143,0.9001667497059742
0.6802181917896237,3,5,-0.5109042078491588,1,1.0674430798797292,1.5801197513263088
-0.4238942433789501,3,3,0.8949317229442164,0,-0.872642701908837,-1.2394398380066955
0.4254230144430297,1,2,-1.3309751674786277,1,-0.5285808435907375,-0.37187007099455066
-0.3389625175967521,1,1,-0.3937512136163775,1,-1.039993516733073,-1.1917592364641696
-0.16909906603235617,3,9,-0.0422922309180337,0,-0.01700027397002303,0.05375035357494904
1.1048768207006137,2,6,-0.15944522515081497,1,1.0899412079825108,0.6056399443045037
-1.69787013011192,1,10,-1.3309751674786277,1,-1.2902432177569243,-0.8645056169331015
-1.188279775418732,1,3,-1.4481281617114088,2,-1.3141684659259272,-1.5208062939612457
-0.08416734025015818,3,7,-0.0422922309180337,0,0.12516606909736783,0.20237618019160722
-1.188279775418732,3,10,-0.7452101963147213,0,-0.9043751363224619,-0.69279220102619
-1.103348049636534,2,4,-1.2138221732458463,1,-0.8248761538100207,-0.7166357288563218
-0.6786894207255441,3,5,-0.7452101963147213,0,-0.530301782494122,-0.24246985096761525
1.0199450949184157,1,6,-0.7452101963147213,0,0.478881974922258,0.8891314185237704
0.4254230144430297,3,6,1.129237711409779,0,0.33906618255217263,-0.100906846066394
-1.612938404329722,3,5,-0.62805720208194,2,-0.737653933292147,-0.33871083097661303
-0.84855287228994,3,7,0.6606257344786539,2,0.0853746037215525,0.5130136736102597
-0.5937576949433461,3,5,0.5434727402458727,2,-0.27971628851351266,-0.449261800154332
-1.018416323854336,2,10,-0.7452101963147213,0,-0.6897614628345464,-0.4320587527102607
1.0199450949184157,1,6,0.7777787287114352,2,0.6984905686419477,0.17906229339822072
1.0199450949184157,3,9,1.0120847171769978,1,1.3272628801711817,1.0700762397055559
-1.188279775418732,3,7,-1.4481281617114088,0,-0.7938572794295065,-0.34758040227588954
-1.528006678547524,1,3,-0.27659821938359624,0,-2.116042046663877,-1.938117041945104
0.6802181917896237,3,2,-0.9795161847802838,0,0.518883310896047,1.0707773182446743
0.3404912886608317,3,5,0.19201375754752883,1,0.4691859532958726,0.16350423921221963
-0.5088259691611481,1,7,0.8949317229442164,1,-0.8214342760032518,-0.945692770704256
1.4446037238294056,2,3,-0.7452101963147213,1,0.8921591564520869,0.46910106667872775
1.4446037238294056,2,7,-1.2138221732458463,2,1.7141803145955126,2.15653014886596
-0.08416734025015818,3,2,-1.2138221732458463,2,-0.21411073958693108,0.06311850546936412
-0.5088259691611481,3,2,-1.5652811559441902,2,-0.2833260627986605,0.08003999202718365
0.5952864660074257,2,6,-0.8623631905475025,0,0.36022113882792256,0.12394332116446964
0.9350133691362177,3,7,1.2463907056425603,2,1.7760081927585674,1.8031389660318222
-0.5088259691611481,1,4,-0.7452101963147213,0,-1.3071587879536053,-1.4718711732837026
-0.763621146507742,1,2,-0.0422922309180337,1,-1.4982669544684653,-1.4401745976977816
0.8500816433540197,1,9,0.7777787287114352,1,0.8319262948336322,1.4849961404504282
-1.103348049636534,1,5,1.0120847171769978,2,-1.2173761461404524,-0.9493752482552429
-1.27321150120093,2,5,-0.15944522515081497,2,-0.6554686071256424,-0.35927324670249133
1.6144671753938016,2,10,1.4806966941081228,2,2.29846005935432,1.4522616620560187
-0.08416734025015818,2,5,-0.3937512136163775,2,0.24214794040791357,0.2960419672237732
0.0007643855320398109,2,3,-0.15944522515081497,0,-0.6094229979302105,-0.5642495718934813
-0.6786894207255441,1,9,1.3635436998753414,1,-0.6339358837735397,-0.29402615021086176
1.1048768207006137,3,4,1.3635436998753414,0,0.5757582429469223,0.938536883031355
-0.08416734025015818,1,1,1.129237711409779,2,-0.5677846712922264,-0.8886871791796778
0.3404912886608317,1,3,0.8949317229442164,2,-0.07731708382766717,-0.41351244201229664
-0.08416734025015818,1,9,-0.3937512136163775,2,0.6079104185564946,0.9178966145102808
0.17062783709643578,2,9,-1.4481281617114088,1,0.8221882990876521,1.1583282321039408
-1.358143226983128,2,8,-0.62805720208194,0,-0.9927726321889884,-0.6158365281959762
-0.933484598072138,1,8,-0.0422922309180337,0,-0.8004891903254756,-0.7209611978867991
-0.3389625175967521,3,3,1.129237711409779,0,-0.3538425837178269,-0.7399879369737675
-0.5937576949433461,3,4,0.6606257344786539,1,-0.7239283961846664,-0.9966500471450912
-0.5088259691611481,2,9,-0.3937512136163775,1,0.062120941466065484,-0.017333685644556028
1.2747402722650096,1,1,0.42631974601309136,1,0.48929155658175394,0.45138007628630883
0.0856961113142378,2,4,1.7150026825736853,2,0.1717993159671261,0.27327829396741715
0.4254230144430297,2,6,-0.5109042078491588,1,0.3205136216912967,0.8809705900284249
-0.16909906603235617,3,7,1.0120847171769978,2,0.6516894252938105,0.45252931262575047
-1.612938404329722,2,8,0.3091667517803101,2,-1.2070085386005511,-0.9588785332397639
1.3596719980472076,1,9,-0.0422922309180337,2,1.9349222095442602,1.6097703715897842
-0.6786894207255441,2,2,1.3635436998753414,0,-0.9877777119572141,-1.0717295886257994
1.2747402722650096,3,6,-0.15944522515081497,1,1.3173150138272278,0.6651223035104338
0.0007643855320398109,2,10,0.7777787287114352,0,-0.03278254293764599,0.5178929866189941
1.3596719980472076,3,5,-0.8623631905475025,0,1.2809654262581813,1.380913407391679
-0.763621146507742,1,4,0.19201375754752883,0,-1.2025592819235085,-1.2840240765651738
-1.443074952765326,3,3,1.4806966941081228,0,-1.2527183548392251,-1.5678850490248506
-1.358143226983128,3,5,0.5434727402458727,2,-0.7672876617260348,-1.1750023299086283
1.2747402722650096,2,3,-0.5109042078491588,1,0.7988087144733809,0.987615607828533
-1.103348049636534,3,10,-1.4481281617114088,1,0.01951721007740244,0.32881032973629876
-0.08416734025015818,1,7,-0.62805720208194,1,0.03101811884636172,-0.37025129758978503
0.8500816433540197,1,8,-1.2138221732458463,2,1.2715212493493644,1.3566144608787718
-0.16909906603235617,3,10,1.0120847171769978,0,0.3676925321157866,0.38587199140871264
1.0199450949184157,1,6,-0.5109042078491588,2,0.6807355160533718,0.6104696412831391
1.1898085464828116,2,6,-0.8623631905475025,2,1.667924834802107,1.3462124399994535
-0.08416734025015818,1,7,0.6606257344786539,1,-0.026990114433571605,-0.07421866584393522
-1.69787013011192,3,4,0.3091667517803101,0,-1.535875765625354,-1.3612229889575793
0.2555595628786338,1,2,-0.8623631905475025,2,0.0612394849545759,-0.22249556672046836
1.0199450949184157,3,3,-0.9795161847802838,1,1.0317231041046038,1.4519393595515566
-1.69787013011192,1,10,1.2463907056425603,1,-1.421202470892519,-1.5438837986925356
1.2747402722650096,3,4,-1.0966691790130652,1,0.9031144016663145,1.2248754299371003
0.3404912886608317,3,4,1.0120847171769978,2,0.8832186689784068,1.4417410467632943
-0.84855287228994,3,5,0.07486076331474757,1,-0.7366465544218732,-0.4703683786818619
-1.358143226983128,1,9,-0.15944522515081497,1,-1.316351120144854,-1.5834277746812273
1.0199450949184157,3,5,-1.3309751674786277,0,0.7136012516960548,0.1878080263134294
-0.84855287228994,1,9,0.8949317229442164,0,-1.0573708022452961,-0.839996104829043
1.0199450949184157,1,6,-1.4481281617114088,1,0.6592867409404587,0.4425173624871277
1.0199450949184157,2,7,1.4806966941081228,1,1.0970348341940221,1.632909593821929
1.5295354496116036,1,2,-0.15944522515081497,1,0.8633229362904992,0.2722238524822294
0.9350133691362177,2,7,1.129237711409779,1,1.2580055828398575,1.481881625260247
1.2747402722650096,1,2,1.2463907056425603,0,0.18724579197799113,-0.10451752155756332
-0.763621146507742,2,10,0.07486076331474757,0,-0.22275740822344792,-0.5642919270411267
-0.08416734025015818,3,6,-0.3937512136163775,2,0.45818873396205023,1.0437418258115243
1.5295354496116036,1,7,1.4806966941081228,0,0.9296000711305966,0.7652817397501567
-0.08416734025015818,1,4,1.4806966941081228,2,-0.22603138955183777,-0.15241554619133466
1.6144671753938016,3,8,-0.7452101963147213,1,1.6311135319175183,0.974161192642247
0.9350133691362177,2,5,-0.7452101963147213,1,1.01283475028697,0.33551575468208195
0.3404912886608317,1,2,0.6606257344786539,0,-0.8399028886249383,-1.1123130809524138
0.3404912886608317,2,2,0.19201375754752883,1,0.20315398330439832,0.09971779024081406
-0.6786894207255441,1,9,1.3635436998753414,1,-0.1661762950097358,-0.5797882637262733
0.5103547402252278,1,10,0.19201375754752883,1,0.8229018591207627,0.1451612332229532
1.3596719980472076,2,2,-1.3309751674786277,1,0.8923270529304659,0.7544900515125025
1.1898085464828116,1,7,-1.0966691790130652,1,1.0588803594824017,1.1476478773972396
-0.933484598072138,2,5,1.5978496883409041,2,-0.7381576227272839,-0.781708967551426
-0.84855287228994,2,9,-1.2138221732458463,0,-0.8239527231789364,-0.6299052947142982
-0.84855287228994,3,2,1.2463907056425603,0,-0.8231552149066362,-0.6541812484327696
0.5952864660074257,1,4,-1.0966691790130652,0,-0.45059292938370704,-0.7449914917489281
0.2555595628786338,1,8,-1.0966691790130652,2,0.6489611075201522,0.3732666960871246
0.0856961113142378,3,3,0.07486076331474757,1,-0.25784777220465216,-0.3946837636633642
-0.84855287228994,2,10,-0.27659821938359624,0,-0.41357175590114464,-0.06592956175857859
-1.103348049636534,2,9,-1.5652811559441902,1,-0.6105562991592685,-0.6360641365642775
-1.528006678547524,2,6,-0.27659821938359624,1,-1.5529172581808193,-1.418571455486905
1.1898085464828116,3,2,-1.2138221732458463,0,0.9480686837522831,1.1264924896043278
0.9350133691362177,2,4,0.3091667517803101,2,0.9193583859494796,1.2207084901735237
-0.4238942433789501,1,4,-1.0966691790130652,2,-0.24273708915054507,-0.3400460265833353
-1.27321150120093,3,7,-1.4481281617114088,0,-1.0008736372707736,-1.2457039626522506
0.17062783709643578,3,3,0.7777787287114352,2,0.17373012546848424,0.7279954948221364
-0.4238942433789501,3,3,0.07486076331474757,0,-0.7567521577077546,-0.6121137124091371
-1.358143226983128,2,3,1.2463907056425603,0,-1.9614933383160371,-1.7635835799697355
-1.443074952765326,1,6,-0.3937512136163775,0,-1.833808066508832,-1.9383945690077697
1.1048768207006137,3,4,-0.27659821938359624,0,0.6032512912814783,1.1572286117945976
-0.16909906603235617,1,1,-0.7452101963147213,2,-0.641868992376946,-0.1329204801861172
0.0007643855320398109,2,9,0.42631974601309136,1,0.6252037558295283,0.6423671012836065
1.1898085464828116,2,5,-1.3309751674786277,2,1.3992904693957586,1.5088977553401879
-1.018416323854336,3,1,-0.3937512136163775,2,-0.5483926280394557,-0.3302131782118978
1.0199450949184157,3,1,1.0120847171769978,2,0.785293047963874,0.35958315972119526
0.9350133691362177,3,5,-1.2138221732458463,1,0.8409507305465017,1.0543423108112373
0.17062783709643578,1,9,0.6606257344786539,1,0.3475449547103105,-0.14173761177878522
1.5295354496116036,2,9,0.6606257344786539,0,1.3879154829855838,1.3180660325509224
-1.188279775418732,1,10,1.7150026825736853,1,-0.6525723928736051,-0.5213918098294961
1.0199450949184157,2,8,0.6606257344786539,1,0.9128523974122946,1.3678736692699578
0.17062783709643578,1,6,-0.5109042078491588,2,-0.02115571180990248,-0.3670036662212894
-1.443074952765326,1,8,-0.8623631905475025,1,-1.2636736000534528,-1.43945778724668
0.5952864660074257,3,8,0.3091667517803101,0,0.6134929764625953,0.3721190732771168
-0.933484598072138,3,8,1.129237711409779,2,0.19786524423546084,0.020422499731147657
-0.08416734025015818,1,9,-0.27659821938359624,2,0.06992812771068747,0.608454343019942
1.1898085464828116,1,8,-0.15944522515081497,2,1.1145380420650295,1.2710151108700558
0.6802181917896237,3,4,-1.2138221732458463,0,0.31602239089465933,-0.1292053286640897
1.4446037238294056,2,1,-1.6824341501769715,2,0.9988573684619209,0.971742512020523
-0.763621146507742,1,5,0.07486076331474757,1,-1.1731773982071891,-1.349741516886845
0.5103547402252278,2,5,1.7150026825736853,0,0.18288048354013797,-0.21166434701167822
-0.5088259691611481,1,4,-1.4481281617114088,2,-0.6214275961343066,-0.8696745584752574
-0.3389625175967521,1,10,-1.5652811559441902,1,0.2130598755287574,0.4667779876759749
1.1898085464828116,1,4,0.6606257344786539,1,0.9481106578718779,1.0096955479871876
0.6802181917896237,1,10,-1.2138221732458463,1,1.0732774825033982,0.5947026350354216
0.4254230144430297,2,8,1.7150026825736853,2,1.1267944849866942,0.9378378214040288
-0.5088259691611481,3,7,-1.2138221732458463,2,-0.049907983732300695,0.3080849475375761
-1.528006678547524,2,2,-1.6824341501769715,1,-1.9888604642918088,-1.7770597778033823
-1.188279775418732,2,8,0.42631974601309136,1,-0.7359329943887626,-0.43248512786322263
-1.188279775418732,2,4,1.5978496883409041,1,-0.9130218049589787,-0.524554327520342
0.3404912886608317,1,1,-0.8623631905475025,0,-0.5222427515319314,-0.9169675095712393
1.0199450949184157,1,4,1.4806966941081228,0,-0.07446284369522471,-0.24182605272340701
-0.84855287228994,2,1,0.19201375754752883,2,-0.6072403437112839,-0.18583133738929508
1.3596719980472076,3,6,-0.27659821938359624,0,1.1373299890049744,1.1289676437562453
0.3404912886608317,1,7,0.19201375754752883,2,0.588980090619266,0.4520533214426893
0.5952864660074257,1,4,-0.62805720208194,1,0.052676764557248554,-0.056496465304440746
0.7651499175718217,2,10,0.3091667517803101,2,1.6745987198176708,1.7870161765438843
1.1048768207006137,2,2,0.3091667517803101,1,0.837340956261354,1.3345026535137938
0.6802181917896237,2,9,0.42631974601309136,0,0.4557542350255552,0.23306793032243955
-1.443074952765326,1,4,-0.5109042078491588,1,-1.7712666283126666,-1.4077648421019855
-1.528006678547524,3,5,0.19201375754752883,2,-0.7759343303625517,-0.651679067662831
-1.443074952765326,3,10,-1.2138221732458463,1,-0.2872296559209715,-0.027477945196775343
0.0007643855320398109,2,7,-0.7452101963147213,1,0.415123287257845,0.11073698612867702
1.5295354496116036,2,5,0.07486076331474757,1,1.545108560867892,0.9657946391440527
0.17062783709643578,1,4,-1.5652811559441902,1,-0.12336269302309905,-0.09488878465953998
-0.933484598072138,1,2,1.3635436998753414,2,-1.4732084050704044,-1.6594213805863565
-0.16909906603235617,3,1,1.2463907056425603,2,-0.0910845950547425,-0.3911537646439007
-0.3389625175967521,2,10,0.7777787287114352,1,0.004154682305726896,0.4289854978880041
-1.358143226983128,1,8,0.07486076331474757,1,-1.008093185841069,-0.6319641582722162
0.17062783709643578,2,10,1.7150026825736853,0,0.15878733889275612,0.06461424725477972
0.4254230144430297,1,1,-1.3309751674786277,1,-0.5095665674143194,-0.917810982082918
-0.3389625175967521,2,10,1.7150026825736853,2,0.7933520789260644,0.8842654171328674
1.5295354496116036,2,5,-0.7452101963147213,2,1.4702267315108726,1.8431678076154623
0.0856961113142378,3,4,0.42631974601309136,0,-0.32836429312381854,-0.6802526570290414
-1.69787013011192,2,8,1.4806966941081228,2,-0.825631687962726,-0.6638692825374958
-0.16909906603235617,3,2,-0.9795161847802838,1,-0.33109261089747677,-0.23475274306664806
-0.5937576949433461,2,7,-0.7452101963147213,1,-0.6592882520087638,-0.18688779578627557
1.0199450949184157,3,7,1.5978496883409041,1,1.2027256673335822,0.6645123893843422
1.2747402722650096,3,2,-0.0422922309180337,0,0.41969846629367186,0.5470639852581825
-0.16909906603235617,2,3,-1.5652811559441902,0,-0.9272510315015963,-1.182681116485535
0.0856961113142378,3,10,0.8949317229442164,2,1.2519193354986198,1.348130119731888
1.3596719980472076,3,3,-0.5109042078491588,1,1.2786988238000652,1.4645337635494649
0.0007643855320398109,1,9,-0.7452101963147213,1,0.4329622880856103,0.2585302315573369
-0.3389625175967521,3,4,-0.9795161847802838,0,-0.1775932555395056,-0.1900922652424086
1.5295354496116036,1,7,1.0120847171769978,0,1.1924420080328706,1.419813585136163
0.8500816433540197,3,1,1.5978496883409041,0,0.5741632264023221,0.9149837904993627
0.2555595628786338,1,1,1.129237711409779,0,-0.7133928921663861,-0.5716786647904601
0.6802181917896237,1,10,0.3091667517803101,2,1.347200586978684,1.140374086708293
-0.08416734025015818,2,2,-0.27659821938359624,2,-0.33919361597926195,-0.584817634972379
-0.4238942433789501,1,1,0.7777787287114352,1,-0.7773614504287728,-1.1300998226692727
-0.5937576949433461,2,4,-0.5109042078491588,1,-0.5675748006942527,-0.1439533910741699
-0.6786894207255441,2,3,-0.9795161847802838,1,-0.8938816064237765,-0.7594172516545457
-0.3389625175967521,2,7,-0.5109042078491588,1,0.10787273182433417,-0.40444602012205966
0.9350133691362177,3,6,1.4806966941081228,2,1.717034554727955,1.547461915580019
-0.4238942433789501,2,6,-0.27659821938359624,2,-0.22439439888764284,0.10845061492055022
1.4446037238294056,2,10,-0.7452101963147213,0,1.7004128033684371,1.519783835049737
1.1048768207006137,1,8,0.19201375754752883,1,0.7952828884274226,0.47082875332029595
0.6802181917896237,3,4,0.8949317229442164,2,0.8508146486512661,1.4556879918093413
1.4446037238294056,3,3,1.5978496883409041,2,1.8099232813911188,1.4755158482603434
-1.612938404329722,2,8,1.3635436998753414,2,-1.0473389876621528,-0.6027713769856677
-0.3389625175967521,3,4,-0.7452101963147213,1,-0.4655776900790299,-0.07228283390536787
-1.612938404329722,1,2,-0.5109042078491588,0,-2.242006379567697,-2.24646251680261
-1.612938404329722,1,6,-0.27659821938359624,0,-1.8759081084623583,-1.747802051957111
-0.16909906603235617,2,6,0.3091667517803101,1,-0.4256603023444303,-0.499886286149383
-0.5937576949433461,2,4,-0.5109042078491588,2,-0.6501378939371101,-0.18974051582577364
0.9350133691362177,3,5,1.0120847171769978,0,0.8047270653362395,0.7763876628451025
0.4254230144430297,1,5,-1.0966691790130652,0,-0.47976494250205265,-0.9066655275168362
-1.103348049636534,1,2,-0.8623631905475025,1,-1.44873749334667,-1.6317005415260704
-0.84855287228994,1,4,0.7777787287114352,0,-1.4533966206216862,-1.4929099835750008
-0.4238942433789501,2,6,0.8949317229442164,0,-0.4327539285559417,0.10081700716779823
0.7651499175718217,3,1,-0.15944522515081497,1,0.3660975155711864,0.5241885750885138
-1.528006678547524,3,8,-1.3309751674786277,0,-1.0726074076581875,-1.287218864844702
0.9350133691362177,1,1,-0.3937512136163775,2,0.7058780136906223,1.346754585889313
0.5952864660074257,2,9,-1.0966691790130652,0,0.44589031692079084,0.8885933064574966
-1.612938404329722,3,3,-0.27659821938359624,2,-1.0375590177965779,-0.8753953270838771
0.8500816433540197,3,3,0.07486076331474757,2,1.3469487422611155,1.7412173537038824
-0.5088259691611481,3,10,0.6606257344786539,1,0.1871198696192069,0.6086503868461858
-0.763621146507742,2,4,0.3091667517803101,2,-0.8269748597897578,-1.0217698767576002
1.1898085464828116,3,2,1.4806966941081228,1,1.2145203949397048,1.122102076014127
-1.27321150120093,3,6,-1.3309751674786277,0,-1.2786583607487756,-1.0604933730290498
0.4254230144430297,3,3,0.5434727402458727,1,0.6348158292167242,0.03586841362147789
1.0199450949184157,1,8,-0.3937512136163775,1,0.6296110383869762,1.0972480753758873
-1.69787013011192,3,7,1.7150026825736853,2,-1.0207693699586813,-1.024631471208986
-0.763621146507742,1,5,-1.5652811559441902,2,-0.6377555286566612,-0.6624772100182217
0.6802181917896237,3,10,1.4806966941081228,0,1.088094346720342,0.41379089120703555
0.0007643855320398109,2,9,0.42631974601309136,0,-0.21818222918762104,0.15036526903030084
-0.933484598072138,2,5,-0.5109042078491588,2,-0.8726846760284317,-0.8164954520036593
1.1898085464828116,3,7,-1.2138221732458463,2,1.8435025770669125,1.6900612097602938
0.8500816433540197,1,8,0.6606257344786539,1,1.0254269861653924,0.9869762467902692
0.0856961113142378,1,7,-1.5652811559441902,2,0.5025553783736925,0.3632801590370886
1.3596719980472076,2,3,-0.3937512136163775,0,0.4004323453996853,1.0130048968565373
0.0856961113142378,3,5,1.7150026825736853,0,0.13020296344873686,0.04677466244895396
-1.612938404329722,3,1,0.6606257344786539,2,-1.3024576865589943,-0.8943107326398926
-1.358143226983128,1,3,1.0120847171769978,0,-1.919855011678053,-1.7904573160771164
1.1048768207006137,1,3,-1.0966691790130652,1,0.3245431371723919,0.09857420125439176
1.6144671753938016,2,9,0.8949317229442164,2,1.8363250026162115,1.507297134141555
-0.5937576949433461,2,3,-0.15944522515081497,1,-0.9842938600308505,-0.8593794339209491
1.6144671753938016,1,10,0.42631974601309136,2,2.208887288139141,1.8523100653891031
0.0007643855320398109,1,7,0.19201375754752883,0,-0.5533875482712299,-0.6025733162476312
1.1898085464828116,2,7,-0.0422922309180337,0,0.9560017923556894,1.3642924406909613
0.3404912886608317,3,8,-1.5652811559441902,2,1.0454906153316792,1.6501808128845912
-0.3389625175967521,2,10,-1.3309751674786277,2,0.7201072402332398,0.6224246842427835
-0.5937576949433461,1,2,1.7150026825736853,0,-1.194500250961318,-1.3702720654063998
-1.018416323854336,3,3,1.4806966941081228,0,-1.3525328112355213,-1.014162892240511
-1.358143226983128,2,4,-1.3309751674786277,2,-1.3493847522659157,-1.463854352290351
-0.5937576949433461,3,9,1.2463907056425603,2,0.42028610396799826,0.8708590044472462
-1.27321150120093,1,2,-0.27659821938359624,2,-1.3214299886158176,-1.368867488034011
0.6802181917896237,1,6,1.5978496883409041,1,0.4399719660579322,-0.11474245758148789
-1.612938404329722,3,4,0.7777787287114352,1,-1.0437711874965998,-0.6714605351426024
0.7651499175718217,3,6,-0.7452101963147213,0,1.0073361406200587,1.5095609159376047
-0.84855287228994,2,2,0.42631974601309136,2,-0.5761375210915801,-0.5602330937496353
0.3404912886608317,3,5,1.129237711409779,0,0.016788892303744214,-0.42355464582780883
-1.27321150120093,2,9,-1.3309751674786277,0,-0.7774034245483676,-0.9247414943847583
1.1898085464828116,1,8,-1.2138221732458463,2,1.354504083788169,0.8653734077536467
-0.16909906603235617,3,6,1.5978496883409041,0,-0.28231868392838666,0.09116205041647094
-1.103348049636534,1,4,1.3635436998753414,0,-1.867974999858952,-1.8307229431052119
1.2747402722650096,1,4,-1.4481281617114088,0,0.7665306165050243,0.7943470522114107
-1.69787013011192,1,6,1.129237711409779,2,-1.330790217285445,-1.4021529867301676
-0.763621146507742,3,10,-0.0422922309180337,1,-0.2569243415735678,-0.6987388637555854
0.5952864660074257,1,5,1.0120847171769978,0,-0.07622575671820388,0.3859361292037182
0.9350133691362177,3,5,0.8949317229442164,2,1.5880061110937185,0.9888523781397748
1.0199450949184157,3,5,1.5978496883409041,2,1.6972227702792368,0.9657764869379192
0.4254230144430297,3,6,0.5434727402458727,1,0.9194003600690743,0.26551479709521963
-1.103348049636534,2,8,1.2463907056425603,2,-0.524257509272479,-0.1724745407337723
1.6144671753938016,3,5,-1.2138221732458463,2,1.7466682831618427,1.2601701761610764
-1.612938404329722,3,9,-1.3309751674786277,1,-0.5538492635867721,-0.3061598915553331
-0.3389625175967521,3,5,-0.27659821938359624,1,0.15828364945761922,-0.3254480224106269
-1.358143226983128,2,9,-1.0966691790130652,2,-0.2398828490181026,0.1995174094167309
1.1898085464828116,3,3,-0.8623631905475025,0,0.6018661453348518,0.143298413491279
0.8500816433540197,3,8,-1.5652811559441902,1,1.4162480137120343,1.4004956039863388
0.0007643855320398109,2,4,0.8949317229442164,1,0.1006951573736333,0.6268445447451559
0.4254230144430297,1,9,-1.0966691790130652,2,1.0528360862607589,0.6063825712265508
-0.16909906603235617,1,6,0.3091667517803101,1,-0.1770895661043687,-0.07183427272268621
-1.27321150120093,1,5,0.3091667517803101,1,-1.2896975542021927,-1.1815859333821361
0.8500816433540197,3,4,-0.8623631905475025,2,1.3703283268753867,0.6046189835550738
0.5103547402252278,1,1,0.6606257344786539,0,-0.6007763292936936,-0.5601483834543445
0.17062783709643578,2,4,0.19201375754752883,2,0.0225813208078186,-0.42839684765955893
0.5952864660074257,2,1,0.8949317229442164,2,0.23232599642274396,0.7314403801639509
-1.69787013011192,2,7,1.0120847171769978,2,-0.9569687081746735,-1.0402681849548994
-0.4238942433789501,2,6,1.4806966941081228,1,-0.015657102142991288,0.4428828269039525
-1.018416323854336,2,5,0.6606257344786539,0,-1.548887742699724,-1.6986398270117176
1.3596719980472076,3,2,-0.27659821938359624,1,1.220186901084995,0.8636775883184024
-0.5088259691611481,2,10,-0.9795161847802838,0,-0.3353319969765457,-0.1689852833325198
1.6144671753938016,2,4,1.0120847171769978,1,1.0825537629338362,1.2488198033568632
-0.6786894207255441,1,9,0.42631974601309136,2,-0.003400659221326649,0.21183589988140733
1.1048768207006137,1,8,-1.6824341501769715,0,0.9397997821921189,0.7477446917132256
0.4254230144430297,1,4,0.8949317229442164,2,0.5673214449083792,1.0110690649179699
-1.018416323854336,1,1,0.07486076331474757,0,-2.0287778520264084,-2.1383657258941655
-0.933484598072138,2,1,-0.0422922309180337,0,-1.7504894391132695,-1.5825379131983184
0.3404912886608317,2,6,-1.0966691790130652,1,0.05066200681670094,-0.05817695621006146
-1.69787013011192,3,9,-1.6824341501769715,1,-0.81035310843024,-0.3709870670117366
0.5952864660074257,1,9,0.8949317229442164,2,1.0694998117398715,1.171783050672585
-1.358143226983128,3,9,-1.3309751674786277,2,-0.1785166861705899,-0.5980058178020381
-0.763621146507742,1,5,-1.4481281617114088,1,-1.039993516733073,-0.5803844628521752
1.6144671753938016,3,6,-1.0966691790130652,1,1.5367557110685386,1.1622075602458881
-1.358143226983128,2,10,1.2463907056425603,0,-1.0188385604573231,-0.8033181604976806
-0.933484598072138,2,5,1.5978496883409041,2,-0.9063898940630095,-0.8180775176137994
1.4446037238294056,2,2,-0.5109042078491588,2,1.3167273761529013,2.0335223290745903
1.1048768207006137,2,8,-0.7452101963147213,0,1.2731162658939645,1.9095427611815312
0.7651499175718217,3,9,1.5978496883409041,0,0.9040798064169936,1.3037346641172
1.5295354496116036,2,7,0.19201375754752883,1,1.3921548690646526,1.141000136128726
-1.528006678547524,1,9,1.2463907056425603,1,-1.441559918895969,-1.620304183132985
1.1898085464828116,2,9,1.129237711409779,0,1.104674123960265,0.9292849052561957
-1.103348049636534,2,5,1.2463907056425603,2,-0.60543545656871,-0.5863226545520406
1.0199450949184157,2,9,0.7777787287114352,1,1.0202221953356445,0.6509627759614434
-0.3389625175967521,3,7,-1.5652811559441902,1,-0.10904951824129205,0.3723356896036458
-0.5088259691611481,1,4,0.8949317229442164,0,-1.1303218221009577,-1.1642279871123908
1.2747402722650096,2,8,-1.5652811559441902,2,1.6388787440425456,1.133039788665568
1.4446037238294056,1,7,-1.0966691790130652,2,1.4794610378217157,1.0784367424683718
-0.6786894207255441,1,8,1.4806966941081228,1,-0.26397599366548447,-0.0580805478263737
-1.188279775418732,2,8,-0.8623631905475025,2,-0.7835316460091999,-0.9438392287668277
1.2747402722650096,2,9,0.5434727402458727,1,1.6291827224161601,1.0428330053577646
-0.5937576949433461,1,8,0.19201375754752883,1,-0.5077197061521508,-0.32877350657431786
0.6802181917896237,1,3,-0.3937512136163775,2,0.13288930710280036,0.6215574121719519
-0.08416734025015818,3,10,0.7777787287114352,1,0.9073957618649782,1.3526379175884193
-1.612938404329722,1,6,1.5978496883409041,1,-1.577346195784959,-1.5488062736136319
0.3404912886608317,2,2,1.0120847171769978,0,-0.6774210716736924,-0.4948948328449783
-0.763621146507742,1,1,-0.8623631905475025,1,-1.0779381208467198,-1.1865168793327614
-1.188279775418732,3,4,-0.9795161847802838,2,-0.47775018476150505,-0.8671255853517297
0.2555595628786338,2,4,-0.0422922309180337,1,-0.05796701469449114,-0.025402542962157628
-1.103348049636534,3,4,0.19201375754752883,1,-0.9322879258529653,-0.8311596108831659
-1.103348049636534,2,9,-0.3937512136163775,0,-1.0435193427790312,-0.968600854844965
0.17062783709643578,3,4,1.0120847171769978,2,0.346159808763684,0.7119848456298687
-1.612938404329722,3,8,1.2463907056425603,1,-1.0164460356404228,-0.9400228282728104
0.9350133691362177,2,5,0.5434727402458727,2,0.9971784036781312,0.7495873423269734
-0.6786894207255441,2,5,-0.27659821938359624,1,-0.8680255487534154,-1.1955086754866715
0.8500816433540197,2,8,0.42631974601309136,0,0.81358360457073,1.425208420799094
1.3596719980472076,1,4,-0.3937512136163775,0,0.7661948235482664,1.3700285378292052
-0.5937576949433461,1,2,-0.9795161847802838,1,-1.0791133961953725,-1.2670432928006508
1.3596719980472076,2,4,1.129237711409779,0,0.5112020470102092,0.9891286950553656
1.3596719980472076,1,8,-0.0422922309180337,2,1.8321275906567374,1.9454962307969812
0.6802181917896237,2,2,1.2463907056425603,0,0.2844578529594134,0.21746510069464203
1.5295354496116036,2,2,-0.27659821938359624,0,0.7404646882366895,1.0835286379800493
-0.2540307918145541,1,8,-0.27659821938359624,2,-0.24920110356813532,-0.6251058514125518
-1.103348049636534,2,6,-0.8623631905475025,1,-0.8746574596493846,-1.0013175844155993
-0.84855287228994,1,9,1.2463907056425603,1,-0.7995657596943914,-0.5124589074999306
-1.69787013011192,3,4,-1.5652811559441902,2,-0.9047529033988145,-0.7820155381439062
1.2747402722650096,3,8,-0.5109042078491588,2,1.8236068443790048,1.339800677410678
0.7651499175718217,2,1,-0.7452101963147213,1,0.17175734184753136,0.23454673004879653
-1.612938404329722,2,9,-1.4481281617114088,0,-1.5569047995423198,-1.3975637056372139
-1.69787013011192,3,9,1.0120847171769978,1,-0.834740071914785,-0.7995001464742287
-1.69787013011192,2,3,-1.3309751674786277,2,-1.247681460487856,-1.4513672479998108
0.0856961113142378,3,2,-1.6824341501769715,0,-0.3662669231178705,0.15276620082824954
-1.018416323854336,2,3,0.19201375754752883,0,-1.57965477236267,-1.2413151625914842
-0.5088259691611481,1,6,-0.62805720208194,0,-0.8419176463654859,-0.453799448305394
0.17062783709643578,1,1,0.6606257344786539,1,-0.3966981598240584,-0.29712372334198556
1.0199450949184157,2,1,0.3091667517803101,0,-0.14330039983060144,0.33488163761447853
0.4254230144430297,2,8,0.5434727402458727,2,1.185054562984196,1.8225719111538268
1.0199450949184157,1,2,-1.4481281617114088,1,-0.01502749034907016,-0.5170631137401498
-1.358143226983128,3,3,-0.62805720208194,0,-1.2235883158404741,-0.8404785501298407
0.8500816433540197,1,5,-0.8623631905475025,2,0.45609002798231313,0.29140791068902283
-1.358143226983128,3,6,0.5434727402458727,0,-1.2204822309904633,-1.45055725622389
0.17062783709643578,1,1,-0.5109042078491588,2,-0.47204170449662014,-0.5978686678001394
0.2555595628786338,3,5,-0.8623631905475025,2,0.8516121569235662,0.37159064238744766
0.4254230144430297,1,10,1.7150026825736853,0,0.4563838468194763,0.8100479037523304
0.7651499175718217,2,10,-1.2138221732458463,2,1.433751221583042,0.6327476421798297
-1.528006678547524,3,2,-0.7452101963147213,0,-2.0175287879750177,-2.008415695712558
0.4254230144430297,1,1,1.7150026825736853,2,-0.11765421275821414,-0.4028804931886192
0.5952864660074257,2,7,-1.4481281617114088,2,0.7056261689730537,0.9241405700379098
0.5952864660074257,3,9,-1.6824341501769715,2,1.4367313840742686,1.568232879985256
1.6144671753938016,3,5,0.8949317229442164,0,1.5619401828253836,1.151216601123122
0.7651499175718217,3,6,0.7777787287114352,0,0.3719738923144503,0.9908700966971236
1.0199450949184157,1,9,-1.6824341501769715,0,0.5988020346044356,0.7409686748547009
-0.16909906603235617,2,1,-1.4481281617114088,2,-0.5907025405909555,-0.8516631327846991
1.0199450949184157,1,9,0.19201375754752883,2,1.368187646776055,1.1589946197602257
-0.6786894207255441,3,10,-0.8623631905475025,1,0.38003292327664073,0.6732795015645527
0.6802181917896237,3,3,0.7777787287114352,2,1.090696742135216,1.3506911943261717
0.6802181917896237,2,3,1.3635436998753414,0,-0.24420618333636102,0.14246300862677078
0.8500816433540197,3,10,-0.3937512136163775,0,1.455829608489876,1.518743108564739
-0.84855287228994,1,4,0.42631974601309136,0,-1.234669483413486,-1.0323901274928806
1.0199450949184157,2,4,-0.3937512136163775,2,0.931824699469118,0.3325113628757776
1.1898085464828116,2,5,-0.5109042078491588,2,1.4863028193156587,1.4952952988283221
-0.08416734025015818,1,8,0.42631974601309136,1,0.07282434196272466,-0.12588791214756978
1.5295354496116036,1,8,0.6606257344786539,2,1.4973839868886705,1.8934873365474676
1.3596719980472076,3,7,0.19201375754752883,1,1.6839589484872983,1.156613453697845
1.5295354496116036,2,5,-1.4481281617114088,2,1.8015704315917653,2.1299585461451156
-1.27321150120093,3,4,-0.62805720208194,1,-1.1433757732949223,-0.8771992529912068
-0.4238942433789501,3,6,0.42631974601309136,2,0.35858414816372763,0.45092304407409844
0.9350133691362177,1,4,1.0120847171769978,1,0.19219873809017068,-0.09159032711387083
-0.5937576949433461,1,10,0.6606257344786539,0,-0.6780087093480187,-0.5817579797829573
-0.2540307918145541,2,9,-1.3309751674786277,2,0.4932371238236597,-0.04846149210495521
0.5103547402252278,3,7,-0.7452101963147213,0,0.6744813722337553,0.16093308005897336
-0.2540307918145541,2,9,-1.3309751674786277,1,-0.03324425825318815,-0.023175468960734236
-0.933484598072138,2,7,1.4806966941081228,1,-0.4902164982811434,-0.8268958593535429
1.6144671753938016,1,3,0.7777787287114352,0,0.9363998785049449,0.3681356724866695
-0.16909906603235617,3,10,1.3635436998753414,0,-0.021407556527470933,-0.02950978213667273
-1.188279775418732,3,6,-1.4481281617114088,2,-0.4361538322431158,-0.42365831509395036
-1.103348049636534,3,10,0.42631974601309136,2,0.3154767273399277,-0.01487143972811173
0.0856961113142378,3,4,0.6606257344786539,2,0.7026460064818272,1.1890615306177013
0.0856961113142378,2,8,-0.3937512136163775,1,0.34267595683732044,0.545792120681749
0.6802181917896237,3,1,-1.2138221732458463,2,0.9615423761421953,1.518694299299357
1.4446037238294056,2,4,-1.0966691790130652,2,1.6075240767052734,1.4079614046779436
0.5952864660074257,2,3,0.8949317229442164,0,0.21998560526188982,-0.2348568157151479
1.0199450949184157,1,4,1.2463907056425603,1,0.37407259829418743,0.810825624939569
0.6802181917896237,1,4,0.7777787287114352,2,0.6461068673877097,0.06038397646091398
0.7651499175718217,1,2,-0.5109042078491588,2,0.5773112853719278,0.5540049855013442
0.9350133691362177,1,3,1.4806966941081228,2,0.8533330958269506,0.6937495427303288
-0.5088259691611481,3,4,1.3635436998753414,2,-0.33424066986708245,-0.6908277289401671
0.5103547402252278,2,3,-1.6824341501769715,0,-0.10942728531764473,-0.2997977449966562
1.5295354496116036,3,6,-0.3937512136163775,2,1.7230788279495979,1.0717268803166455
0.9350133691362177,1,10,-0.7452101963147213,0,0.6385515258606562,0.24934239157718316
-0.3389625175967521,1,5,-1.0966691790130652,1,-0.9116366590123522,-0.92968171812963
1.2747402722650096,2,5,1.5978496883409041,2,1.3317960850874138,1.2212994453287644
1.3596719980472076,2,2,1.2463907056425603,2,1.1664180538841307,1.1972889172022034
1.5295354496116036,2,6,-0.3937512136163775,2,1.4830708121068636,1.1517345440714695
0.5952864660074257,3,1,0.42631974601309136,2,0.5823481797232968,0.22077444956399156
1.1898085464828116,1,4,-1.0966691790130652,1,0.3907363237732999,-0.05251145098455965
0.7651499175718217,1,4,-0.3937512136163775,0,0.10694930119324984,0.23567458712323633
-1.69787013011192,3,3,0.6606257344786539,2,-1.0374330954377937,-0.6632456534112139
0.4254230144430297,2,7,-0.3937512136163775,0,0.29096384149659843,0.23806382083278746
1.4446037238294056,3,3,1.5978496883409041,0,0.7450398672725165,1.3078612656449242
-1.27321150120093,2,4,0.6606257344786539,0,-1.8973149094556767,-1.9878782896929086
-1.443074952765326,2,4,0.7777787287114352,1,-1.4984348509468441,-1.1818929073569746
0.0007643855320398109,2,10,-0.3937512136163775,0,0.18367799181243807,-0.33536880813622294
1.2747402722650096,1,8,1.4806966941081228,1,1.4701008091520884,1.5669477037909907
-1.103348049636534,1,7,-1.4481281617114088,1,-1.0512006066648691,-0.8526687650045055
-1.612938404329722,3,8,0.8949317229442164,2,-0.5080974732285034,-0.29452311727656644
0.3404912886608317,2,1,-0.7452101963147213,2,-0.11295311136360305,0.3533670375763047
0.5952864660074257,2,7,0.8949317229442164,2,0.8428815400478599,0.23475931255174007
-1.103348049636534,3,6,0.19201375754752883,1,-0.47157998918107796,-0.25442852436848573
0.5952864660074257,1,8,-0.0422922309180337,1,0.8117787174281561,1.469967323918814
-1.103348049636534,3,10,0.3091667517803101,1,-0.1885065266341385,0.10698875725325067
1.2747402722650096,3,2,0.42631974601309136,2,1.2151500067336258,0.9731458792458363
1.0199450949184157,3,5,1.2463907056425603,0,0.6999596628277637,0.4501449195045015
-1.528006678547524,1,9,1.5978496883409041,0,-1.7299221205118458,-1.7459545607550606
-1.358143226983128,2,2,-1.5652811559441902,2,-1.4818970478265159,-1.3483320989261542
0.5952864660074257,2,7,0.07486076331474757,2,0.8894308386784286,0.2992690260919836
0.9350133691362177,1,2,-1.4481281617114088,2,0.5776470783286857,0.8771263561516691
0.4254230144430297,1,2,1.0120847171769978,0,-0.23400647227483873,-0.45215889225326755
0.2555595628786338,3,4,1.5978496883409041,2,0.5115378399669672,0.16497335776197236
-1.443074952765326,3,2,-1.2138221732458463,2,-0.8937556840649922,-0.5218552961594424
1.6144671753938016,3,3,-1.6824341501769715,1,1.1477395706644704,0.974826370151457
-0.2540307918145541,3,2,0.3091667517803101,1,-0.09448449874191661,-0.07368983157190721
-1.018416323854336,1,3,0.6606257344786539,2,-0.9638944379078059,-0.9711792748806651
-0.763621146507742,2,3,-0.5109042078491588,2,-0.5295042742218218,-0.5075291716963809
1.4446037238294056,1,2,1.4806966941081228,0,0.5810469820158598,1.1554012897104733
0.4254230144430297,3,9,-0.9795161847802838,0,0.839775455197849,1.2686750898082448
-1.27321150120093,1,3,0.8949317229442164,0,-1.8841350359029276,-1.5658657169380679
0.5103547402252278,3,5,-1.5652811559441902,1,0.951006872123915,0.6261862247360412
-1.69787013011192,3,4,0.3091667517803101,1,-1.6452603212892514,-1.625486839675331
1.1898085464828116,3,6,-0.62805720208194,2,1.4565431685229866,1.7307515984119182
0.0856961113142378,3,1,0.19201375754752883,0,-0.6663818782202752,-0.618059971756173
-1.27321150120093,2,1,-0.0422922309180337,2,-1.4764823863987941,-1.6359356529082378
1.6144671753938016,2,8,0.19201375754752883,0,1.3217642705042705,1.3042324379476213
1.5295354496116036,1,4,0.3091667517803101,0,0.8738164661891846,0.3676887248334229
-1.103348049636534,2,8,1.2463907056425603,2,-0.6667596452966279,-0.7855451337810114
0.17062783709643578,2,6,-0.15944522515081497,1,-0.11824185043254053,0.30611482809853374
-0.6786894207255441,3,4,0.5434727402458727,1,-0.2333768604809176,0.04639064244363675
-1.188279775418732,3,8,0.6606257344786539,0,-0.6563920377567266,-0.8737721164731677
1.6144671753938016,1,4,1.0120847171769978,2,1.3962683327849372,2.046506803813194
-1.103348049636534,1,2,-0.3937512136163775,2,-1.325417529977318,-1.382736983667221
-0.5937576949433461,1,6,1.0120847171769978,1,-0.46075066632563455,-0.43267875139531536
1.3596719980472076,1,4,0.8949317229442164,2,1.055438481675633,1.5924773698797623
-1.612938404329722,2,6,0.6606257344786539,0,-1.6779581604535554,-1.832000858417023
1.5295354496116036,3,5,-1.0966691790130652,1,1.417759082017445,1.124061707511848
-0.5937576949433461,1,9,0.5434727402458727,1,-0.607869955505205,-0.15489755784334697
0.5103547402252278,1,7,1.0120847171769978,2,0.4406435519714481,0.7449609500570352
0.6802181917896237,1,3,1.4806966941081228,2,0.2452959993775192,0.4888785003349142
-1.358143226983128,2,7,-0.27659821938359624,0,-1.3351135516037034,-1.0171713178704003
1.0199450949184157,1,4,-0.62805720208194,0,0.0796661234566676,0.3133680462871951
-0.763621146507742,2,8,-0.0422922309180337,0,-0.9654894544524061,-1.3174108242333205
0.7651499175718217,1,4,1.4806966941081228,1,0.34880417829815274,0.11528028163275897
0.8500816433540197,1,8,0.07486076331474757,0,0.4620503529647665,0.041238239578180444
1.4446037238294056,3,6,1.7150026825736853,1,1.8558849423473613,2.2501047714850992
1.1898085464828116,3,3,-1.0966691790130652,1,1.199535634244382,1.2422075597359
0.5103547402252278,1,1,-1.6824341501769715,0,-0.7857982484673159,-0.6625683744312485
-0.6786894207255441,1,9,-0.27659821938359624,1,-0.5139738499717673,-0.9142079708565614
-0.763621146507742,2,3,0.7777787287114352,1,-0.755870701196265,-0.6985436266940581
-0.933484598072138,2,3,1.129237711409779,2,-0.9732126924578386,-1.3226281716584993
-0.4238942433789501,1,2,1.4806966941081228,1,-0.9170932945596687,-0.48247670693774647
-1.612938404329722,1,6,-0.8623631905475025,2,-1.568909397746416,-1.6673232376075282
-1.443074952765326,3,9,-0.0422922309180337,2,-0.4816957520034108,-0.6728832647211248
-1.612938404329722,1,10,-0.5109042078491588,2,-0.7661963346165714,-1.0627357755600972
0.17062783709643578,1,5,-0.27659821938359624,1,-0.46843193021147234,0.006866835572871112
0.2555595628786338,3,4,0.5434727402458727,2,0.39824969118075876,0.9600399864173164
0.8500816433540197,2,9,0.19201375754752883,1,0.844014841276918,1.4145918005050402
0.4254230144430297,2,6,0.5434727402458727,0,-0.11387654199468737,0.3535332311080174
-0.933484598072138,2,8,0.42631974601309136,0,-0.7096991696420488,-0.8385269862792902
-1.27321150120093,2,8,-0.62805720208194,2,-0.8034693528167023,-0.9882463824699133
-1.27321150120093,2,6,-1.6824341501769715,0,-1.537848549246307,-1.655247179940326
-0.84855287228994,2,7,1.129237711409779,0,-0.6999611738960687,-0.23340988319511427
-1.612938404329722,2,5,0.07486076331474757,0,-1.4752651369305467,-1.7044416754744014
-1.358143226983128,2,5,0.5434727402458727,2,-0.8501025996864606,-0.4675398615838756
1.2747402722650096,2,7,0.5434727402458727,0,0.759269093815134,1.376499597624684
-1.443074952765326,2,9,-0.62805720208194,2,-0.3353319969765457,-0.7222798548168218
-0.2540307918145541,3,10,-1.0966691790130652,0,0.3290763420886241,0.3596525414868618
1.2747402722650096,3,4,-0.0422922309180337,2,1.3617656064780594,0.8097982100724025
0.2555595628786338,3,3,1.2463907056425603,0,0.20957602360239383,-0.344809165472814
-0.2540307918145541,3,1,1.129237711409779,1,-0.6574413907465951,-0.7163267379696905
0.5103547402252278,1,7,-0.8623631905475025,2,0.34234016388056254,-0.21417822587001442
-1.27321150120093,1,1,-0.9795161847802838,2,-1.4962941708475124,-1.508618499380732
-1.358143226983128,3,2,-1.5652811559441902,0,-1.3863219775092885,-1.3710191295343905
-1.69787013011192,2,10,0.42631974601309136,1,-1.0132140284316278,-1.0876365685519263
-0.5937576949433461,1,5,0.5434727402458727,1,-0.8438064817472493,-0.48192044266533834
-1.188279775418732,2,7,-1.4481281617114088,0,-1.2949443191515355,-1.3184684927773764
1.4446037238294056,2,4,0.19201375754752883,1,1.2117920771660466,1.4522765872032846
1.1898085464828116,3,7,1.5978496883409041,0,1.0157729386586019,1.51527482704613
-1.358143226983128,1,6,0.3091667517803101,2,-1.2395804554060708,-1.118586483392215
0.9350133691362177,2,2,-1.4481281617114088,2,0.4753981229958944,0.1190870009501715
0.0856961113142378,2,7,1.7150026825736853,0,-0.3240829329251549,-0.8028373287263173
0.17062783709643578,3,3,-0.27659821938359624,2,0.2727050994728857,0.3966753777347644
1.5295354496116036,2,6,-0.27659821938359624,0,1.2438183304168346,1.9518365947082974
-0.763621146507742,3,4,0.3091667517803101,0,-0.742061215849595,-0.8092991107275496
-1.018416323854336,3,9,1.7150026825736853,0,-0.28177302037365504,0.08116139498388689
-1.612938404329722,1,2,0.8949317229442164,1,-1.7629977267525025,-1.937221936491534
-1.69787013011192,3,3,-0.3937512136163775,2,-1.504814917125245,-1.184765796514399
0.4254230144430297,3,10,-0.9795161847802838,0,1.014093973874812,0.9098914916053265
1.0199450949184157,2,8,1.2463907056425603,1,0.9512587168414834,1.3547778610004015
0.4254230144430297,2,1,-0.5109042078491588,1,-0.41625809955520815,0.04086874133777021
-1.69787013011192,1,10,1.0120847171769978,1,-1.0676964356656027,-0.889126059185754
-1.443074952765326,2,1,1.129237711409779,0,-2.2988813116185725,-2.3950843095956826
0.5952864660074257,3,6,0.07486076331474757,0,0.690305615320973,1.3234794238023453
-0.84855287228994,1,1,0.6606257344786539,1,-1.5718475861180479,-1.8219622850427375
0.0856961113142378,2,1,-0.3937512136163775,2,0.19295427224287603,-0.11504055714443881
-0.2540307918145541,2,3,-0.0422922309180337,2,0.06552084515323958,0.32133242757393854
-1.103348049636534,3,3,1.4806966941081228,2,-0.5596416920908466,-0.9635880222755585
-0.933484598072138,1,1,0.3091667517803101,0,-1.9457530434680088,-1.7545760519038431
0.3404912886608317,1,9,0.7777787287114352,2,0.5152315624913044,0.8370926739797263
0.0007643855320398109,1,3,0.3091667517803101,0,-0.8613516637378514,-0.6552574725653175
0.4254230144430297,3,10,0.19201375754752883,1,1.437444944107379,1.0864628412559698
-0.4238942433789501,3,9,-0.8623631905475025,0,-0.044871089380931664,0.06903007393356722
-1.358143226983128,3,5,1.5978496883409041,2,-0.9957108205606203,-0.7535544924557245
-0.16909906603235617,1,10,1.0120847171769978,1,-0.005457391081469003,0.23479077637570506
0.0856961113142378,1,8,1.7150026825736853,2,0.5729459769340746,0.32155791831235464
-1.443074952765326,2,10,-1.0966691790130652,0,-1.1144556048941452,-0.9588337577979675
-0.08416734025015818,3,4,-0.0422922309180337,0,-0.22250556350587944,-0.03704335106450976
1.3596719980472076,2,6,-0.0422922309180337,2,1.835443546104722,0.9848750280847058
1.2747402722650096,3,2,-0.5109042078491588,1,1.189587767900428,1.3058383031169145
1.0199450949184157,1,5,0.42631974601309136,2,0.9868947443774194,1.1158214126918726
-0.08416734025015818,2,10,0.7777787287114352,2,0.47904987140063693,-0.15762885979292882
-1.27321150120093,3,4,0.19201375754752883,2,-0.801580517434939,-1.0149527148985056
-1.69787013011192,1,10,0.5434727402458727,1,-1.4154100423884448,-1.2044883701698255
-0.933484598072138,3,3,-0.9795161847802838,2,-0.3743679281996557,-0.4913971044141971
-0.763621146507742,2,2,0.8949317229442164,2,-0.535170780367112,-0.6015414641745208
0.3404912886608317,3,2,0.6606257344786539,0,-0.09003524206487397,-0.18763768359077582
0.5952864660074257,3,5,-1.6824341501769715,2,1.3330133345556612,0.8714757760734326
-0.84855287228994,2,7,-0.27659821938359624,2,-0.07236413771548762,0.22234764076224414
-0.4238942433789501,2,5,-0.3937512136163775,2,0.12185011364938322,0.19138159062761437
-1.188279775418732,2,5,-0.8623631905475025,0,-1.2655204613156212,-1.1249607314216477
-1.27321150120093,1,5,-0.5109042078491588,2,-0.9324558223313443,-1.2701614384320588
-0.6786894207255441,3,3,-0.0422922309180337,0,-1.1403116625645062,-0.8815513452573471
0.3404912886608317,2,4,-0.0422922309180337,1,-0.11509379146293489,0.01126491342788335
0.3404912886608317,3,9,0.42631974601309136,2,1.3312084474130874,0.7251589100769792
1.5295354496116036,1,2,-0.27659821938359624,0,0.7006312487412795,0.5767924583168538
0.9350133691362177,1,9,0.3091667517803101,0,0.9825714100591609,1.5282395360491652
-0.6786894207255441,3,1,1.7150026825736853,1,-0.8553913387553981,-0.9873891949580449
1.3596719980472076,1,9,-0.5109042078491588,1,1.2682892421405692,0.6468264932571149
-1.018416323854336,2,7,-0.27659821938359624,1,-1.0330677869999405,-0.7152545476607275
0.5952864660074257,3,3,-0.5109042078491588,0,0.1562688917170716,0.3939001071081033
-0.5088259691611481,3,6,0.6606257344786539,1,-0.013432473804469967,-0.46924294190157373
-0.4238942433789501,2,3,0.42631974601309136,0,-0.8342783565992429,-0.7012136145251439
1.0199450949184157,2,4,1.0120847171769978,0,0.5242140240845793,-0.10322589124556193
0.5103547402252278,1,10,1.3635436998753414,2,0.728040348836646,0.10130388967453918
0.7651499175718217,1,10,-1.2138221732458463,1,0.869535105990521,1.131906284238109
-1.358143226983128,2,6,0.6606257344786539,0,-1.7659359151241345,-1.4289900150429224
0.4254230144430297,3,8,0.7777787287114352,1,1.0902770009392688,1.7768763541976076
0.4254230144430297,1,8,1.7150026825736853,2,0.7280823229562408,0.43939800670864376
0.6802181917896237,2,6,1.5978496883409041,0,0.46536630841275106,0.536069395694189
-1.528006678547524,3,8,0.42631974601309136,2,-0.598425778596388,-0.5739872220283061
1.2747402722650096,1,4,1.129237711409779,1,0.44832481585728584,0.21483222404054067
1.1048768207006137,1,10,-1.3309751674786277,0,0.9364838267441343,0.7967011916557701
-1.103348049636534,1,5,-0.7452101963147213,0,-1.8239861225236624,-1.5449338029717794
0.2555595628786338,2,1,-0.7452101963147213,2,-0.2207426504829003,-0.02055388701267158
0.3404912886608317,1,5,-1.6824341501769715,2,0.26070050126878946,-0.2842179081632949
-1.612938404329722,1,6,1.0120847171769978,1,-1.7687062070173873,-1.847827565253803
1.1898085464828116,3,6,1.2463907056425603,1,1.0640012020729603,1.10383046870232
1.3596719980472076,3,3,-0.7452101963147213,0,1.1394706691043062,0.5656223974269018
1.1898085464828116,3,1,1.129237711409779,0,0.389267229587484,0.7149666480240952
-0.4238942433789501,1,5,-0.5109042078491588,1,-0.8868719284514545,-1.0839548977656563
0.4254230144430297,3,1,-0.7452101963147213,0,0.08512275900398406,-0.4163611282282098
-1.528006678547524,2,6,-0.15944522515081497,0,-1.5588775831632726,-1.6889021768768926
-0.2540307918145541,1,1,-0.0422922309180337,1,-0.9852172906619349,-0.7383784413632478
-0.5937576949433461,3,8,1.3635436998753414,1,-0.12138990940214618,0.4288217246504425
-0.84855287228994,1,10,0.5434727402458727,0,-1.1153370614056348,-1.0220187636728109
0.5952864660074257,2,6,0.8949317229442164,0,-0.03693798077752544,0.5164299188046191
1.4446037238294056,3,7,-0.8623631905475025,0,1.0877165796439894,1.4605785995241143
-0.3389625175967521,2,1,0.6606257344786539,0,-0.9866024366085613,-0.5273667093239874
1.0199450949184157,3,8,-1.0966691790130652,0,1.3541263167118165,2.071472541364746
1.0199450949184157,1,1,1.5978496883409041,2,0.46343549891139296,0.014249942880977995
1.0199450949184157,2,4,-0.9795161847802838,2,1.2482675870938773,0.8991647479273951
-0.84855287228994,1,3,-0.62805720208194,0,-1.541710168249023,-1.2208451214257086
-0.5937576949433461,1,1,-1.2138221732458463,0,-1.7127127314780017,-1.6238474937702803
-1.358143226983128,2,1,0.6606257344786539,1,-1.4271627958749724,-1.367888479049868
-1.358143226983128,3,9,0.7777787287114352,2,-0.24924307768773005,-0.1728500897095602
0.17062783709643578,3,9,-0.8623631905475025,0,0.6364108457613243,0.20873025910311313
-1.103348049636534,3,3,-1.5652811559441902,0,-1.3507698982125422,-1.572330725998169
0.8500816433540197,1,3,-1.4481281617114088,1,0.021406045459165822,-0.5204660473166777
1.6144671753938016,3,1,-1.5652811559441902,2,1.7908250569755113,1.1532944236518907
-1.018416323854336,3,6,-1.3309751674786277,1,-0.5512888422914929,-0.10125657857123624
-1.528006678547524,3,6,1.4806966941081228,0,-1.0120387530829749,-1.206457682844151
0.7651499175718217,2,10,0.3091667517803101,0,1.0244615814147133,1.2098099056108602
-1.358143226983128,3,8,-0.7452101963147213,1,-0.3640422947793492,-0.747280686633565
-1.69787013011192,2,9,1.2463907056425603,2,-0.6446392842701989,-1.0021025664852918
-0.3389625175967521,2,10,1.2463907056425603,1,0.31199287541356413,0.19509875906143404
-1.528006678547524,3,10,-1.5652811559441902,0,-0.8784351304129113,-0.42571717865186837
0.4254230144430297,2,7,0.19201375754752883,1,0.4537394772850076,0.17151541285255226
0.4254230144430297,3,9,0.3091667517803101,2,1.444958311514838,1.8083680115453977
0.4254230144430297,3,6,-1.4481281617114088,1,0.7774438875996572,0.4027688716426627
1.3596719980472076,2,8,1.7150026825736853,2,2.0996286548340275,1.4733593661716615
0.3404912886608317,3,7,-0.7452101963147213,2,0.8681499600438946,0.442412886456269
0.7651499175718217,1,3,-0.7452101963147213,0,-0.15232483554347095,-0.5549673404414326
-1.612938404329722,2,2,0.07486076331474757,0,-2.3200362678943227,-2.369295672032738
0.17062783709643578,1,10,0.7777787287114352,0,0.2698088852208485,0.8401454716690531
1.3596719980472076,1,1,-1.4481281617114088,1,0.4122270730058078,0.48176727273645364
1.1898085464828116,3,9,-0.27659821938359624,1,1.6293506188945392,0.9218691239770482
0.2555595628786338,2,5,-1.3309751674786277,2,0.3286566008926767,0.5511692075209041
-1.443074952765326,2,6,-1.2138221732458463,1,-1.4654851670649718,-1.5358790791699395
1.1898085464828116,2,1,-0.27659821938359624,2,0.6811552572493192,0.2552547668061029
1.1048768207006137,2,5,-0.3937512136163775,0,0.5621166540786312,0.2320877111912205
0.9350133691362177,2,7,-1.6824341501769715,0,1.0328564053336617,0.6250507033967894
0.0856961113142378,3,4,-0.27659821938359624,0,0.08029573525058874,0.5094368822372071
0.0007643855320398109,1,7,-1.3309751674786277,0,-0.42536648350726713,-0.6418349245853547
-0.763621146507742,2,5,0.7777787287114352,2,-0.2605760899783104,0.1635038358298613
-0.4238942433789501,2,1,-0.27659821938359624,0,-1.2713128898196957,-0.8705644199581664
0.7651499175718217,1,4,1.5978496883409041,1,0.4353128387829159,-0.08661863954503414
1.4446037238294056,2,1,1.3635436998753414,1,1.0579149547317228,0.7694321408370337
0.7651499175718217,3,7,-1.6824341501769715,0,0.9385405586042767,0.8407876563838268
1.2747402722650096,3,9,1.2463907056425603,0,1.2577117640026942,1.307697895789721
0.0856961113142378,1,7,1.5978496883409041,2,0.263218948444474,0.3334117123000086
-0.763621146507742,3,10,0.19201375754752883,2,0.38263531869151474,0.04259844489113118
0.0007643855320398109,1,4,0.7777787287114352,1,-0.6454787666620937,-0.6877212813971562
0.3404912886608317,2,3,1.0120847171769978,2,0.3829711116482727,-0.17473106164736854
-1.27321150120093,1,5,1.2463907056425603,2,-1.1897571754471121,-1.0191006956912316
-1.443074952765326,1,1,-0.8623631905475025,0,-2.1462214386524963,-2.12132524154058
0.3404912886608317,2,6,1.7150026825736853,1,0.16562912038669905,0.3687927823487092
1.2747402722650096,1,1,-1.3309751674786277,2,0.8597131620053514,0.23618889963035739
1.1048768207006137,3,9,0.3091667517803101,1,1.7295848164867829,2.03616125646407
-1.358143226983128,3,5,-0.62805720208194,1,-1.1393042836942324,-0.8510124770403966
1.0199450949184157,2,8,-1.0966691790130652,0,0.8851075043601703,0.5781829173066939
0.5952864660074257,3,7,1.129237711409779,0,0.8844778925662491,1.2782901117060779
0.2555595628786338,3,10,-0.27659821938359624,0,0.7328253984704466,0.5692826889481696
-0.16909906603235617,1,3,-1.3309751674786277,0,-0.7643914474739976,-0.6713371001408934
0.0856961113142378,1,6,-0.27659821938359624,2,0.3833908528442201,0.664148135114593
-0.84855287228994,2,2,0.42631974601309136,0,-1.5563591359875881,-1.3606195289492238
1.0199450949184157,2,7,-1.2138221732458463,2,1.3368329794387828,1.0069670697141158
-0.5088259691611481,1,6,1.5978496883409041,1,-0.7035709481812166,-0.23829605370394355
-1.018416323854336,1,7,0.07486076331474757,2,-0.581846001356465,-1.0113295345542221
-0.3389625175967521,1,4,0.7777787287114352,2,-0.1731859729820577,-0.12804197394209998
1.5295354496116036,2,5,-0.15944522515081497,1,1.5741546516274536,1.1733481742236673
-0.3389625175967521,1,8,1.129237711409779,2,0.28168756106616044,0.11524841442643506
-1.528006678547524,2,3,-0.15944522515081497,1,-1.8205442447168938,-2.005742884204963
-0.3389625175967521,3,1,1.4806966941081228,2,0.01981102891456563,-0.29759326040731016
1.6144671753938016,3,5,1.129237711409779,1,1.4668268278236984,0.9096522858667206
-1.528006678547524,1,5,1.4806966941081228,2,-1.6552501617528,-1.7059640404954797
-0.08416734025015818,3,5,0.19201375754752883,1,0.05695812475591223,-0.023035495282325562
0.5103547402252278,2,2,1.3635436998753414,1,0.1432569146427016,0.11848192741238205
0.0007643855320398109,2,5,0.8949317229442164,2,0.46754896263167767,0.2928024035024485
-1.018416323854336,1,1,-0.15944522515081497,1,-1.7663136822004872,-1.9414417193440776
-0.6786894207255441,2,10,-0.8623631905475025,0,-0.5306375754508799,-0.3955050501453238
-0.08416734025015818,2,2,-0.0422922309180337,0,-0.9249004808042907,-0.6010505478441944
-0.763621146507742,1,1,-1.6824341501769715,0,-1.8679330257393574,-1.699904834088056
1.3596719980472076,2,7,-1.5652811559441902,0,0.9479007872739041,0.888252044982183
-0.2540307918145541,1,8,1.0120847171769978,1,-0.11878751398727218,-0.09636395394467095
-0.84855287228994,1,1,-0.3937512136163775,1,-1.5314684830679062,-1.746897668709295
1.5295354496116036,1,9,-1.4481281617114088,2,2.096606518223206,1.617128065809305
1.1898085464828116,1,3,-0.9795161847802838,1,0.7351759491677521,0.266303812988497
-0.16909906603235617,2,6,0.42631974601309136,2,0.21377343556186804,0.6185739962482911
-0.4238942433789501,3,4,-1.5652811559441902,2,0.3487202300589633,0.7400304074887684
1.2747402722650096,1,5,0.8949317229442164,2,1.2844073040649502,0.6015738501305585
0.5952864660074257,2,3,0.6606257344786539,2,0.5859159798888498,0.4252707497483355
-1.612938404329722,1,10,-1.4481281617114088,0,-1.6499194485642679,-1.5057924025768967
-0.763621146507742,3,5,-0.3937512136163775,1,-0.27656822954390703,-0.3782983722600259
1.6144671753938016,2,9,1.4806966941081228,2,2.0852315318130312,1.5953946310966238
0.0007643855320398109,3,2,-0.5109042078491588,1,0.08470301780803663,0.5590900235129267
-0.5937576949433461,3,5,0.07486076331474757,2,0.030052714095682657,-0.04277541437916877
-0.3389625175967521,3,7,0.8949317229442164,1,0.1743177631428106,0.3569369714492625
-1.27321150120093,3,3,-1.3309751674786277,1,-1.3445577285125203,-1.3823307776321851
0.5952864660074257,3,8,-1.5652811559441902,1,1.1863977348112278,1.5977870918650443
0.0007643855320398109,1,9,0.6606257344786539,0,-0.34196390787251496,0.08811732037431455
0.8500816433540197,2,3,-0.8623631905475025,1,0.6913969424304363,0.775239636652737
0.3404912886608317,1,5,0.8949317229442164,2,0.2242669654605535,0.18586170643354
-1.612938404329722,3,6,1.5978496883409041,0,-1.2113738470384043,-0.8670977519689912
1.1048768207006137,2,8,-0.27659821938359624,0,0.7337908032211257,1.3789598266293361
-1.27321150120093,1,8,-1.4481281617114088,1,-1.0633311272277495,-1.3264619175939334
0.9350133691362177,1,5,1.5978496883409041,2,0.6589089738641061,1.0863196405186928
-0.84855287228994,1,3,-0.7452101963147213,0,-1.2918802084211192,-1.4719316806374816
1.5295354496116036,2,1,-1.6824341501769715,1,0.6416995848302619,1.0639000524141597
-0.4238942433789501,2,8,-0.8623631905475025,0,-0.6759519774878764,-0.8756785014995628
1.1898085464828116,2,2,-1.0966691790130652,0,0.19110741098070738,0.5777412136241078
-1.188279775418732,1,1,-0.3937512136163775,2,-1.5752055156856273,-1.5660932245882768
-0.933484598072138,2,8,-1.2138221732458463,1,-0.4692294384837724,-0.337973448025227
0.4254230144430297,1,3,-1.3309751674786277,0,-0.31270794651497985,-0.8040587705079348
-1.27321150120093,1,3,-0.9795161847802838,1,-1.7500277237977273,-1.7755321688116432
1.2747402722650096,3,2,1.3635436998753414,0,0.4351449423045369,0.6574039854623916
0.5952864660074257,1,8,-0.8623631905475025,2,0.8339410525741798,0.14750448134363237
0.8500816433540197,3,3,-1.2138221732458463,0,0.3112793153804535,0.7070587402675452
-1.69787013011192,1,5,-1.5652811559441902,1,-2.0663446890637025,-2.1861786368502885
0.0856961113142378,1,7,-0.15944522515081497,0,-0.571604316175348,-0.7868258727693324
-0.2540307918145541,2,2,-0.3937512136163775,1,-0.8386436650370961,-0.6562663318439922
-1.69787013011192,1,2,-1.2138221732458463,0,-2.7409527391903943,-2.7275633441991007
-0.16909906603235617,1,2,1.0120847171769978,0,-1.291460467225172,-1.0488965336037768
-0.16909906603235617,2,7,0.19201375754752883,0,-0.12470586485013078,0.0125783263872449
-1.358143226983128,1,7,-1.5652811559441902,0,-1.814793790332414,-1.9936381863903057
0.4254230144430297,2,10,-0.62805720208194,2,1.0078818041747903,0.3966693269993862
-1.103348049636534,2,8,1.3635436998753414,1,-1.0420082744736205,-1.2499467382992302
0.5952864660074257,1,4,-0.27659821938359624,1,0.2453799476167087,-0.01108166246975664
0.0856961113142378,1,1,-0.9795161847802838,0,-1.060308990616928,-0.9394980278243679
-0.5937576949433461,3,7,0.7777787287114352,2,-0.03374794768832506,-0.39558169279344413
1.1898085464828116,1,9,0.8949317229442164,2,1.7112841003434753,1.4700851115675038
-1.528006678547524,3,4,-0.8623631905475025,2,-0.9848395235855821,-0.7666107692541453
0.7651499175718217,1,8,0.19201375754752883,2,0.9307333723596547,0.3551467605421226
1.6144671753938016,3,6,-0.7452101963147213,0,1.3526572225260005,0.8533473694989019
-0.2540307918145541,1,6,0.07486076331474757,2,-0.21730077267613146,-0.576939980892719
-1.103348049636534,2,3,0.19201375754752883,1,-1.5322659913402061,-1.229061616686531
0.6802181917896237,2,3,-0.0422922309180337,2,0.3365057612568934,0.8457875807177608
-0.5088259691611481,1,2,-1.5652811559441902,0,-1.1297341844266313,-0.8220375222274521
0.7651499175718217,1,7,0.7777787287114352,1,0.5146439248169781,0.8991720088098488
-1.528006678547524,1,4,-0.3937512136163775,1,-2.0750333318198138,-1.7979594211809886
-1.27321150120093,2,9,-0.27659821938359624,1,-0.4595334168573871,0.004525200981625803
-1.018416323854336,2,1,1.2463907056425603,1,-1.379396247776156,-1.271820146690319
1.2747402722650096,1,8,1.4806966941081228,1,1.2142265761025417,1.6252344376862493
1.1048768207006137,2,5,-1.2138221732458463,2,1.0370957914127308,1.3317874868585533
-1.443074952765326,2,7,-1.2138221732458463,2,-1.0465414793898526,-0.7457655824949402
0.17062783709643578,2,6,-0.9795161847802838,2,0.8328077513451219,0.47424540189701364
-0.2540307918145541,2,5,-0.9795161847802838,2,0.3315947892643086,0.15967210680621974
-0.933484598072138,2,6,-1.6824341501769715,0,-1.0793652409129408,-0.8210726316258572
-1.443074952765326,1,8,-1.3309751674786277,0,-1.6024467193026146,-1.2741795301053394
1.1898085464828116,1,2,-0.7452101963147213,1,0.6754887511040291,1.2435298471071492
-0.4238942433789501,3,9,1.3635436998753414,2,0.27648277023641243,0.4063061315445799
-1.018416323854336,2,7,-0.0422922309180337,2,-0.21616747144707343,-0.30499532668626783
-0.84855287228994,1,7,1.0120847171769978,0,-1.1147074496117135,-0.7811111548960903
-1.443074952765326,3,9,1.2463907056425603,2,-0.6168943912180745,-0.476081886408029
-1.27321150120093,2,2,-1.6824341501769715,2,-1.5011631687205025,-1.5244645685707208
-1.358143226983128,2,6,1.129237711409779,2,-1.0124584942789223,-0.7440834780598851
0.3404912886608317,3,2,1.4806966941081228,0,-0.12113806468457772,0.11309273910247039
-1.528006678547524,1,10,1.2463907056425603,1,-1.2621205576284473,-0.9430243964026047
0.6802181917896237,1,8,-1.0966691790130652,0,0.5307200126217643,0.10273226660608097
-0.933484598072138,2,5,1.0120847171769978,0,-1.501247116959692,-1.323683823290763
0.5952864660074257,1,9,1.2463907056425603,2,1.1777510661747108,1.067810844380072
0.8500816433540197,3,9,-1.3309751674786277,1,1.086163537218984,1.314878101771489
0.17062783709643578,2,10,0.8949317229442164,2,1.0659739856939132,1.2358688093540178
-1.528006678547524,3,6,-1.4481281617114088,0,-1.6467294154750673,-1.5090896499754907
-0.4238942433789501,1,6,-1.5652811559441902,1,-0.7251876197725087,-0.5273017647642647
1.0199450949184157,2,2,-0.27659821938359624,0,0.07542673737759867,-0.18907130449297863
-0.6786894207255441,1,5,-1.3309751674786277,1,-1.1502175547888653,-1.0342396356067234
0.5103547402252278,3,5,1.4806966941081228,0,0.48891378950540126,-0.015604385473553953
-0.763621146507742,1,10,-0.3937512136163775,1,-0.36278307119150693,-0.4515647100391585
0.6802181917896237,1,9,-1.6824341501769715,2,0.7699724943117932,1.179740977841592
0.2555595628786338,3,2,-1.6824341501769715,1,0.3442289992623259,0.522697673891401
1.3596719980472076,2,10,1.129237711409779,2,2.1924334332580018,2.05484270025214
0.17062783709643578,2,9,-1.4481281617114088,2,0.9377850244515713,1.367761932356646
0.0856961113142378,3,1,0.19201375754752883,2,-0.102879322660865,-0.11736444291190887
0.3404912886608317,3,10,1.4806966941081228,0,0.4662897390438354,0.1968554892328162
-1.528006678547524,1,7,0.42631974601309136,2,-1.000621792553205,-1.3479896273037653
0.6802181917896237,1,5,1.7150026825736853,1,0.17192523832591033,-0.20669023914869047
1.5295354496116036,1,9,0.3091667517803101,1,1.2062934674991355,0.88016987604675
-0.763621146507742,3,1,-1.2138221732458463,1,-1.2207760498276266,-1.2818930075650794
-1.69787013011192,3,4,-0.27659821938359624,1,-1.613150119799274,-1.6924830020735306
-1.018416323854336,2,3,-0.3937512136163775,2,-0.6853541802770986,-0.2714359313686721
1.2747402722650096,3,2,-1.5652811559441902,2,1.2347938947039652,0.5999994487852304
-1.018416323854336,3,7,-0.3937512136163775,0,-0.5387385805326651,-0.45738148364910763
-0.5088259691611481,3,3,-0.9795161847802838,0,-0.8001533973687177,-0.9713406278240757
1.2747402722650096,3,1,-1.6824341501769715,2,1.238529591347897,1.919904847207355
0.5952864660074257,1,3,0.42631974601309136,1,-0.2427790632701398,-0.5065457255062936
0.4254230144430297,2,5,0.19201375754752883,0,-0.01414603383758058,0.05014492205444075
0.7651499175718217,2,6,0.19201375754752883,0,0.5765977253388171,0.6838102014162404
-1.358143226983128,3,10,-0.27659821938359624,0,-1.0998066371555801,-0.8456862163784149
-0.763621146507742,3,7,0.7777787287114352,0,-0.2722868693452434,-0.34840531919907575
0.7651499175718217,2,2,-1.3309751674786277,2,0.43816707891535833,0.497483452806997
0.5952864660074257,3,10,-1.2138221732458463,0,1.0884301396771001,1.0829973834138702
0.9350133691362177,3,1,-1.0966691790130652,0,0.40467173147875424,0.04225234282751555
0.3404912886608317,3,7,-0.7452101963147213,0,0.24554784409508765,0.5565773548016666
0.2555595628786338,2,8,1.2463907056425603,0,0.29914879481757306,0.09368117324546817
0.2555595628786338,1,9,-1.4481281617114088,1,0.6170607766281484,-0.014106223393987287
0.0856961113142378,3,4,-0.8623631905475025,1,0.4512630042289178,0.2478922319982812
0.4254230144430297,1,1,-0.62805720208194,2,-0.060023746554633495,0.08822381331696548
0.0856961113142378,3,5,1.3635436998753414,2,0.3882598507172102,0.7757483018068386
0.0856961113142378,1,1,-0.7452101963147213,2,-0.6623103886195852,-0.9909139500068473
0.2555595628786338,3,9,-1.2138221732458463,1,0.7572963101941811,0.3053455779408238
-1.358143226983128,2,2,-0.15944522515081497,0,-1.8848066218164437,-1.9074607894618216
-1.443074952765326,1,8,1.3635436998753414,1,-1.4674999248055194,-1.0956356407215022
1.4446037238294056,3,9,-1.3309751674786277,1,1.7403301911030369,2.124218818565644
-1.528006678547524,3,5,-0.5109042078491588,2,-0.8229873184282573,-0.44596253584394496
1.1898085464828116,3,2,0.42631974601309136,0,0.6173965695849063,1.2091588464841982
0.17062783709643578,1,1,0.19201375754752883,0,-0.8276464457032736,-0.8926137030575727
1.1898085464828116,1,3,-0.27659821938359624,0,0.37092453932458175,0.7835101851496017
-0.5088259691611481,1,8,-0.15944522515081497,1,-0.23358673107889133,0.012553316681016457
0.2555595628786338,3,1,0.6606257344786539,2,0.41906885449975073,0.297921729014506
1.0199450949184157,2,6,-0.7452101963147213,1,0.8906061140270815,0.18725418233517296
-0.5088259691611481,3,9,1.3635436998753414,1,0.42490325712341986,-0.1855421122382318
-1.528006678547524,1,6,-0.8623631905475025,1,-1.8366623066412746,-1.7967282982227661
1.4446037238294056,2,8,0.7777787287114352,1,1.3333071533928245,1.58725800554279
-0.3389625175967521,2,1,-0.0422922309180337,2,-0.1697860692948836,0.0486830643871418
1.5295354496116036,2,3,-1.5652811559441902,2,1.4329956874303365,2.044667380258314
0.7651499175718217,3,10,1.4806966941081228,1,1.2546056791526834,0.9670406872495405
0.9350133691362177,1,7,-0.5109042078491588,1,1.0009141003220632,1.2213119501818792
0.0007643855320398109,2,6,0.19201375754752883,0,-0.5674069042158738,-0.7195864708089414
-0.4238942433789501,2,2,0.42631974601309136,2,-0.37042236095774994,-0.0318925617284873
0.4254230144430297,2,5,0.7777787287114352,1,0.13876568384606422,0.08261800868052539
1.5295354496116036,1,10,-1.0966691790130652,1,1.3674321126233495,0.5741720865158666
1.5295354496116036,2,4,-1.2138221732458463,2,1.7232886985475715,1.075504959486603
-0.6786894207255441,3,7,1.2463907056425603,0,-0.20189627078486116,-0.3943126518935201
0.5103547402252278,2,9,-1.3309751674786277,0,0.7409683776718264,1.100193976740205
1.1898085464828116,3,2,0.6606257344786539,0,0.5729879510536694,0.8282061606213916
0.0007643855320398109,3,2,-1.3309751674786277,0,-0.4855993451257218,-0.8956548026585025
0.2555595628786338,1,4,-1.0966691790130652,1,-0.5046136213021398,-0.588400073698451
-1.443074952765326,2,6,1.2463907056425603,2,-1.123773859444178,-1.2273190048976972
1.3596719980472076,3,5,-1.6824341501769715,1,1.4593554345358344,0.7696342353986552
1.4446037238294056,1,2,-0.5109042078491588,1,0.8904801916682972,0.502958158176916
0.8500816433540197,1,8,0.42631974601309136,1,1.011197759622775,1.1453550520713762
0.2555595628786338,1,5,-0.8623631905475025,0,-0.15270260261982366,-0.35189417321796995
1.5295354496116036,2,3,0.7777787287114352,0,0.935728292591429,1.158011173570139
1.3596719980472076,3,3,1.4806966941081228,2,1.678334416461603,0.8792828382403505
-1.358143226983128,1,10,-1.5652811559441902,1,-1.0057846092633584,-0.709725789054766
-0.16909906603235617,2,9,0.3091667517803101,1,0.4562998985802868,0.0498573104328119
1.1048768207006137,3,7,0.42631974601309136,1,1.4146529971674342,0.856954414548844
-1.188279775418732,1,2,0.3091667517803101,0,-2.127710851911215,-1.8795781940757665
-0.2540307918145541,1,5,1.3635436998753414,0,-0.8530407880580925,-0.4170944773560103
-1.69787013011192,1,3,1.7150026825736853,0,-2.170146686821499,-2.1164225323550516
0.17062783709643578,3,4,0.19201375754752883,0,0.0052460094151901854,0.5657038806633242
0.9350133691362177,2,5,-0.27659821938359624,2,0.7530569241151122,0.334045829367612
-1.018416323854336,1,2,1.3635436998753414,1,-1.2539775784270673,-1.3831076920547067
1.0199450949184157,3,4,0.5434727402458727,0,0.6848070056540618,1.3101669992062606
1.3596719980472076,1,8,0.5434727402458727,0,0.9742185602598074,1.3541393067268543
-1.103348049636534,2,4,-0.62805720208194,2,-0.6638634310445907,-0.45788450145019
-1.188279775418732,1,10,-0.15944522515081497,2,-0.75750769186046,-0.39795156414978616
0.2555595628786338,3,8,1.0120847171769978,2,0.773246475640183,0.16570832041920733
1.6144671753938016,1,10,-0.7452101963147213,1,1.4995666411075972,0.6757627233636406
-0.933484598072138,1,2,0.07486076331474757,1,-1.5906519916964923,-1.6071430269213474
-0.5088259691611481,3,8,-0.5109042078491588,0,-0.0028549956665950044,0.4557846082590576
-0.6786894207255441,1,2,-1.4481281617114088,0,-1.51132090566243,-1.7697589604964146
-1.612938404329722,1,6,-0.7452101963147213,2,-1.2052456255775719,-1.2042330291368784
-0.3389625175967521,2,9,-0.5109042078491588,1,-0.06883831166952929,0.13164873097703925
-0.2540307918145541,3,3,-0.8623631905475025,0,-0.5490642139529716,-0.33539381784245137
0.5103547402252278,2,8,-0.15944522515081497,2,1.0572433688182068,1.2048321673066453
-0.3389625175967521,1,5,1.4806966941081228,0,-0.7672456876064401,-0.6824692430891438
-0.933484598072138,2,4,-1.6824341501769715,2,-0.8190417511863516,-0.5160643390204389
1.0199450949184157,1,7,-1.2138221732458463,0,0.32945410916497675,-0.2173169440017075
1.3596719980472076,1,6,-0.27659821938359624,2,1.1922741115544915,1.2778492147882083
