Years_of_Experience,Education_Level,Job_Complexity,Company_Size,Buyer_Income (Euros),Job_Satisfaction
0.17062783709643578,3,8,1,1.2585493858445174,0
-1.27321150120093,3,6,1,-1.1127810044883046,1
0.7651499175718217,2,7,1,0.6167809616646418,1
-0.2540307918145541,3,9,0,0.2759978978286014,0
1.0199450949184157,3,6,1,1.0144893439359142,1
0.8500816433540197,2,10,0,0.7124693078424587,1
-1.528006678547524,2,10,1,-0.49080413234716297,0
0.6802181917896237,3,7,0,-0.018244119627750178,1
1.5295354496116036,1,7,0,1.409893202792926,1
0.17062783709643578,1,9,1,0.5958986637284519,0
1.6144671753938016,2,8,0,1.3454520642536318,1
0.2555595628786338,3,8,2,1.0575338720318972,0
1.6144671753938016,2,9,2,2.480640209677033,1
0.2555595628786338,2,2,2,0.3340946386329933,0
-0.3389625175967521,3,1,0,-0.7725267749242921,0
-0.763621146507742,2,8,2,-0.7086608596282563,1
0.9350133691362177,2,1,1,0.5015342184513181,0
-1.27321150120093,3,4,2,-0.33352938458134274,0
1.3596719980472076,1,6,0,1.4188761245349477,0
0.6802181917896237,3,9,0,0.8807523601724621,0
0.6802181917896237,1,10,2,1.1996007014989176,0
-0.4238942433789501,2,7,2,0.4133278082594469,0
-1.612938404329722,3,7,2,-0.9722849459253858,1
1.2747402722650096,3,4,2,0.9493084021510828,1
-0.16909906603235617,1,4,1,-0.17266130676577018,0
-1.103348049636534,2,9,1,-0.7659326835094626,0
-1.69787013011192,2,10,1,-0.8270023522961939,0
-0.763621146507742,1,8,1,-0.32493128960935486,1
-1.612938404329722,1,1,2,-1.845792097872679,0
1.3596719980472076,2,10,1,1.180400911380141,1
1.2747402722650096,2,4,0,0.6092590908252018,1
-1.69787013011192,2,4,0,-1.5466469678484407,0
0.0007643855320398109,2,7,0,-0.4343390731830098,1
-1.103348049636534,2,6,2,-0.3820107001055434,0
-1.018416323854336,3,6,1,-0.9343682143709889,1
-1.443074952765326,3,5,2,-0.3994755427002985,0
-0.5088259691611481,3,10,1,-0.3032341593089418,1
1.5295354496116036,1,4,2,1.6988714838528671,0
0.3404912886608317,2,3,1,-0.5192074943580758,1
0.2555595628786338,1,4,1,-0.6903973199636195,1
0.5952864660074257,3,3,2,1.062481760041581,0
1.4446037238294056,3,2,2,0.6226058029217615,1
-1.103348049636534,1,10,0,-1.4374259503067832,1
1.1048768207006137,1,3,2,0.9301279743855154,0
-1.103348049636534,3,1,0,-0.919649598873081,0
0.9350133691362177,1,8,0,0.5119229277128048,0
-1.27321150120093,3,3,0,-1.71207891366838,1
-0.84855287228994,1,5,2,-0.27876135499950944,0
1.2747402722650096,3,8,2,2.6375841839088623,0
-0.3389625175967521,1,3,2,-0.8524985376492074,1
-1.358143226983128,2,9,1,-0.5956799151227753,0
0.5103547402252278,3,3,1,0.13445183498643817,1
1.4446037238294056,2,5,2,1.1707407106581533,1
0.5103547402252278,1,1,1,-0.9317151685989612,1
1.4446037238294056,1,1,2,0.41274048354543275,1
1.2747402722650096,2,8,0,0.7838369248600077,1
0.3404912886608317,3,2,2,0.2852143779562102,1
0.2555595628786338,2,10,2,0.30999455962283945,1
-0.933484598072138,1,5,1,-1.4435960868628015,1
-1.018416323854336,1,5,0,-1.6726321528280927,1
0.2555595628786338,2,10,0,0.043767446966140246,1
0.4254230144430297,3,5,2,0.6422404392230292,0
1.3596719980472076,2,2,0,0.6175978109406576,1
1.3596719980472076,1,3,0,0.13081413287724825,1
-0.6786894207255441,2,9,1,0.29231108378976317,0
1.5295354496116036,1,5,0,1.2561415965464737,0
0.2555595628786338,3,1,0,-0.7350424692582355,1
1.1048768207006137,3,5,1,0.9246815057806937,1
0.9350133691362177,1,9,0,0.3049099249936153,1
0.8500816433540197,2,8,2,0.6220221086489738,1
0.7651499175718217,1,6,0,0.38019882191839877,1
1.3596719980472076,2,4,0,0.47425750336776956,1
1.3596719980472076,2,6,1,1.1616767090620674,0
1.6144671753938016,1,9,1,1.6576974397533701,0
-0.3389625175967521,1,1,0,-1.2006106555573124,0
1.6144671753938016,3,7,0,0.9001667497059742,1
0.6802181917896237,3,5,1,1.5801197513263088,0
-0.4238942433789501,3,3,0,-1.2394398380066955,1
0.4254230144430297,1,2,1,-0.37187007099455066,0
-0.3389625175967521,1,1,1,-1.1917592364641696,1
-0.16909906603235617,3,9,0,0.05375035357494904,1
1.1048768207006137,2,6,1,0.6056399443045037,1
-1.69787013011192,1,10,1,-0.8645056169331015,0
-1.188279775418732,1,3,2,-1.5208062939612457,1
-0.08416734025015818,3,7,0,0.20237618019160722,0
-1.188279775418732,3,10,0,-0.69279220102619,0
-1.103348049636534,2,4,1,-0.7166357288563218,1
-0.6786894207255441,3,5,0,-0.24246985096761525,0
1.0199450949184157,1,6,0,0.8891314185237704,0
0.4254230144430297,3,6,0,-0.100906846066394,1
-1.612938404329722,3,5,2,-0.33871083097661303,0
-0.84855287228994,3,7,2,0.5130136736102597,0
-0.5937576949433461,3,5,2,-0.449261800154332,0
-1.018416323854336,2,10,0,-0.4320587527102607,0
1.0199450949184157,1,6,2,0.17906229339822072,1
1.0199450949184157,3,9,1,1.0700762397055559,1
-1.188279775418732,3,7,0,-0.34758040227588954,0
-1.528006678547524,1,3,0,-1.938117041945104,0
0.6802181917896237,3,2,0,1.0707773182446743,0
0.3404912886608317,3,5,1,0.16350423921221963,1
-0.5088259691611481,1,7,1,-0.945692770704256,0
1.4446037238294056,2,3,1,0.46910106667872775,1
1.4446037238294056,2,7,2,2.15653014886596,0
-0.08416734025015818,3,2,2,0.06311850546936412,0
-0.5088259691611481,3,2,2,0.08003999202718365,0
0.5952864660074257,2,6,0,0.12394332116446964,1
0.9350133691362177,3,7,2,1.8031389660318222,0
-0.5088259691611481,1,4,0,-1.4718711732837026,1
-0.763621146507742,1,2,1,-1.4401745976977816,0
0.8500816433540197,1,9,1,1.4849961404504282,0
-1.103348049636534,1,5,2,-0.9493752482552429,0
-1.27321150120093,2,5,2,-0.35927324670249133,0
1.6144671753938016,2,10,2,1.4522616620560187,1
-0.08416734025015818,2,5,2,0.2960419672237732,0
0.0007643855320398109,2,3,0,-0.5642495718934813,1
-0.6786894207255441,1,9,1,-0.29402615021086176,0
1.1048768207006137,3,4,0,0.938536883031355,0
-0.08416734025015818,1,1,2,-0.8886871791796778,1
0.3404912886608317,1,3,2,-0.41351244201229664,1
-0.08416734025015818,1,9,2,0.9178966145102808,0
0.17062783709643578,2,9,1,1.1583282321039408,0
-1.358143226983128,2,8,0,-0.6158365281959762,0
-0.933484598072138,1,8,0,-0.7209611978867991,0
-0.3389625175967521,3,3,0,-0.7399879369737675,1
-0.5937576949433461,3,4,1,-0.9966500471450912,1
-0.5088259691611481,2,9,1,-0.017333685644556028,0
1.2747402722650096,1,1,1,0.45138007628630883,1
0.0856961113142378,2,4,2,0.27327829396741715,1
0.4254230144430297,2,6,1,0.8809705900284249,0
-0.16909906603235617,3,7,2,0.45252931262575047,1
-1.612938404329722,2,8,2,-0.9588785332397639,0
1.3596719980472076,1,9,2,1.6097703715897842,1
-0.6786894207255441,2,2,0,-1.0717295886257994,1
1.2747402722650096,3,6,1,0.6651223035104338,1
0.0007643855320398109,2,10,0,0.5178929866189941,0
1.3596719980472076,3,5,0,1.380913407391679,0
-0.763621146507742,1,4,0,-1.2840240765651738,1
-1.443074952765326,3,3,0,-1.5678850490248506,1
-1.358143226983128,3,5,2,-1.1750023299086283,1
1.2747402722650096,2,3,1,0.987615607828533,1
-1.103348049636534,3,10,1,0.32881032973629876,0
-0.08416734025015818,1,7,1,-0.37025129758978503,1
0.8500816433540197,1,8,2,1.3566144608787718,1
-0.16909906603235617,3,10,0,0.38587199140871264,0
1.0199450949184157,1,6,2,0.6104696412831391,0
1.1898085464828116,2,6,2,1.3462124399994535,1
-0.08416734025015818,1,7,1,-0.07421866584393522,1
-1.69787013011192,3,4,0,-1.3612229889575793,1
0.2555595628786338,1,2,2,-0.22249556672046836,1
1.0199450949184157,3,3,1,1.4519393595515566,0
-1.69787013011192,1,10,1,-1.5438837986925356,1
1.2747402722650096,3,4,1,1.2248754299371003,0
0.3404912886608317,3,4,2,1.4417410467632943,0
-0.84855287228994,3,5,1,-0.4703683786818619,0
-1.358143226983128,1,9,1,-1.5834277746812273,1
1.0199450949184157,3,5,0,0.1878080263134294,1
-0.84855287228994,1,9,0,-0.839996104829043,0
1.0199450949184157,1,6,1,0.4425173624871277,0
1.0199450949184157,2,7,1,1.632909593821929,0
1.5295354496116036,1,2,1,0.2722238524822294,1
0.9350133691362177,2,7,1,1.481881625260247,1
1.2747402722650096,1,2,0,-0.10451752155756332,1
-0.763621146507742,2,10,0,-0.5642919270411267,1
-0.08416734025015818,3,6,2,1.0437418258115243,0
1.5295354496116036,1,7,0,0.7652817397501567,0
-0.08416734025015818,1,4,2,-0.15241554619133466,1
1.6144671753938016,3,8,1,0.974161192642247,1
0.9350133691362177,2,5,1,0.33551575468208195,1
0.3404912886608317,1,2,0,-1.1123130809524138,1
0.3404912886608317,2,2,1,0.09971779024081406,1
-0.6786894207255441,1,9,1,-0.5797882637262733,1
0.5103547402252278,1,10,1,0.1451612332229532,1
1.3596719980472076,2,2,1,0.7544900515125025,1
1.1898085464828116,1,7,1,1.1476478773972396,0
-0.933484598072138,2,5,2,-0.781708967551426,0
-0.84855287228994,2,9,0,-0.6299052947142982,0
-0.84855287228994,3,2,0,-0.6541812484327696,1
0.5952864660074257,1,4,0,-0.7449914917489281,1
0.2555595628786338,1,8,2,0.3732666960871246,1
0.0856961113142378,3,3,1,-0.3946837636633642,1
-0.84855287228994,2,10,0,-0.06592956175857859,0
-1.103348049636534,2,9,1,-0.6360641365642775,0
-1.528006678547524,2,6,1,-1.418571455486905,0
1.1898085464828116,3,2,0,1.1264924896043278,0
0.9350133691362177,2,4,2,1.2207084901735237,0
-0.4238942433789501,1,4,2,-0.3400460265833353,1
-1.27321150120093,3,7,0,-1.2457039626522506,1
0.17062783709643578,3,3,2,0.7279954948221364,0
-0.4238942433789501,3,3,0,-0.6121137124091371,1
-1.358143226983128,2,3,0,-1.7635835799697355,0
-1.443074952765326,1,6,0,-1.9383945690077697,1
1.1048768207006137,3,4,0,1.1572286117945976,0
-0.16909906603235617,1,1,2,-0.1329204801861172,0
0.0007643855320398109,2,9,1,0.6423671012836065,0
1.1898085464828116,2,5,2,1.5088977553401879,1
-1.018416323854336,3,1,2,-0.3302131782118978,0
1.0199450949184157,3,1,2,0.35958315972119526,1
0.9350133691362177,3,5,1,1.0543423108112373,0
0.17062783709643578,1,9,1,-0.14173761177878522,1
1.5295354496116036,2,9,0,1.3180660325509224,0
-1.188279775418732,1,10,1,-0.5213918098294961,0
1.0199450949184157,2,8,1,1.3678736692699578,0
0.17062783709643578,1,6,2,-0.3670036662212894,1
-1.443074952765326,1,8,1,-1.43945778724668,1
0.5952864660074257,3,8,0,0.3721190732771168,1
-0.933484598072138,3,8,2,0.020422499731147657,1
-0.08416734025015818,1,9,2,0.608454343019942,0
1.1898085464828116,1,8,2,1.2710151108700558,0
0.6802181917896237,3,4,0,-0.1292053286640897,1
1.4446037238294056,2,1,2,0.971742512020523,1
-0.763621146507742,1,5,1,-1.349741516886845,1
0.5103547402252278,2,5,0,-0.21166434701167822,1
-0.5088259691611481,1,4,2,-0.8696745584752574,1
-0.3389625175967521,1,10,1,0.4667779876759749,0
1.1898085464828116,1,4,1,1.0096955479871876,0
0.6802181917896237,1,10,1,0.5947026350354216,1
0.4254230144430297,2,8,2,0.9378378214040288,0
-0.5088259691611481,3,7,2,0.3080849475375761,0
-1.528006678547524,2,2,1,-1.7770597778033823,0
-1.188279775418732,2,8,1,-0.43248512786322263,0
-1.188279775418732,2,4,1,-0.524554327520342,0
0.3404912886608317,1,1,0,-0.9169675095712393,1
1.0199450949184157,1,4,0,-0.24182605272340701,1
-0.84855287228994,2,1,2,-0.18583133738929508,0
1.3596719980472076,3,6,0,1.1289676437562453,0
0.3404912886608317,1,7,2,0.4520533214426893,0
0.5952864660074257,1,4,1,-0.056496465304440746,1
0.7651499175718217,2,10,2,1.7870161765438843,0
1.1048768207006137,2,2,1,1.3345026535137938,0
0.6802181917896237,2,9,0,0.23306793032243955,1
-1.443074952765326,1,4,1,-1.4077648421019855,0
-1.528006678547524,3,5,2,-0.651679067662831,0
-1.443074952765326,3,10,1,-0.027477945196775343,0
0.0007643855320398109,2,7,1,0.11073698612867702,1
1.5295354496116036,2,5,1,0.9657946391440527,1
0.17062783709643578,1,4,1,-0.09488878465953998,1
-0.933484598072138,1,2,2,-1.6594213805863565,1
-0.16909906603235617,3,1,2,-0.3911537646439007,1
-0.3389625175967521,2,10,1,0.4289854978880041,0
-1.358143226983128,1,8,1,-0.6319641582722162,0
0.17062783709643578,2,10,0,0.06461424725477972,1
0.4254230144430297,1,1,1,-0.917810982082918,1
-0.3389625175967521,2,10,2,0.8842654171328674,0
1.5295354496116036,2,5,2,1.8431678076154623,0
0.0856961113142378,3,4,0,-0.6802526570290414,1
-1.69787013011192,2,8,2,-0.6638692825374958,0
-0.16909906603235617,3,2,1,-0.23475274306664806,0
-0.5937576949433461,2,7,1,-0.18688779578627557,0
1.0199450949184157,3,7,1,0.6645123893843422,1
1.2747402722650096,3,2,0,0.5470639852581825,0
-0.16909906603235617,2,3,0,-1.182681116485535,1
0.0856961113142378,3,10,2,1.348130119731888,1
1.3596719980472076,3,3,1,1.4645337635494649,0
0.0007643855320398109,1,9,1,0.2585302315573369,0
-0.3389625175967521,3,4,0,-0.1900922652424086,1
1.5295354496116036,1,7,0,1.419813585136163,0
0.8500816433540197,3,1,0,0.9149837904993627,0
0.2555595628786338,1,1,0,-0.5716786647904601,1
0.6802181917896237,1,10,2,1.140374086708293,1
-0.08416734025015818,2,2,2,-0.584817634972379,1
-0.4238942433789501,1,1,1,-1.1300998226692727,1
-0.5937576949433461,2,4,1,-0.1439533910741699,0
-0.6786894207255441,2,3,1,-0.7594172516545457,0
-0.3389625175967521,2,7,1,-0.40444602012205966,1
0.9350133691362177,3,6,2,1.547461915580019,1
-0.4238942433789501,2,6,2,0.10845061492055022,0
1.4446037238294056,2,10,0,1.519783835049737,1
1.1048768207006137,1,8,1,0.47082875332029595,1
0.6802181917896237,3,4,2,1.4556879918093413,0
1.4446037238294056,3,3,2,1.4755158482603434,1
-1.612938404329722,2,8,2,-0.6027713769856677,0
-0.3389625175967521,3,4,1,-0.07228283390536787,0
-1.612938404329722,1,2,0,-2.24646251680261,1
-1.612938404329722,1,6,0,-1.747802051957111,0
-0.16909906603235617,2,6,1,-0.499886286149383,1
-0.5937576949433461,2,4,2,-0.18974051582577364,0
0.9350133691362177,3,5,0,0.7763876628451025,1
0.4254230144430297,1,5,0,-0.9066655275168362,1
-1.103348049636534,1,2,1,-1.6317005415260704,1
-0.84855287228994,1,4,0,-1.4929099835750008,1
-0.4238942433789501,2,6,0,0.10081700716779823,0
0.7651499175718217,3,1,1,0.5241885750885138,0
-1.528006678547524,3,8,0,-1.287218864844702,1
0.9350133691362177,1,1,2,1.346754585889313,0
0.5952864660074257,2,9,0,0.8885933064574966,0
-1.612938404329722,3,3,2,-0.8753953270838771,0
0.8500816433540197,3,3,2,1.7412173537038824,0
-0.5088259691611481,3,10,1,0.6086503868461858,0
-0.763621146507742,2,4,2,-1.0217698767576002,1
1.1898085464828116,3,2,1,1.122102076014127,0
-1.27321150120093,3,6,0,-1.0604933730290498,1
0.4254230144430297,3,3,1,0.03586841362147789,1
1.0199450949184157,1,8,1,1.0972480753758873,0
-1.69787013011192,3,7,2,-1.024631471208986,1
-0.763621146507742,1,5,2,-0.6624772100182217,1
0.6802181917896237,3,10,0,0.41379089120703555,1
0.0007643855320398109,2,9,0,0.15036526903030084,0
-0.933484598072138,2,5,2,-0.8164954520036593,1
1.1898085464828116,3,7,2,1.6900612097602938,0
0.8500816433540197,1,8,1,0.9869762467902692,1
0.0856961113142378,1,7,2,0.3632801590370886,1
1.3596719980472076,2,3,0,1.0130048968565373,0
0.0856961113142378,3,5,0,0.04677466244895396,1
-1.612938404329722,3,1,2,-0.8943107326398926,0
-1.358143226983128,1,3,0,-1.7904573160771164,0
1.1048768207006137,1,3,1,0.09857420125439176,1
1.6144671753938016,2,9,2,1.507297134141555,1
-0.5937576949433461,2,3,1,-0.8593794339209491,1
1.6144671753938016,1,10,2,1.8523100653891031,1
0.0007643855320398109,1,7,0,-0.6025733162476312,1
1.1898085464828116,2,7,0,1.3642924406909613,0
0.3404912886608317,3,8,2,1.6501808128845912,0
-0.3389625175967521,2,10,2,0.6224246842427835,1
-0.5937576949433461,1,2,0,-1.3702720654063998,1
-1.018416323854336,3,3,0,-1.014162892240511,0
-1.358143226983128,2,4,2,-1.463854352290351,1
-0.5937576949433461,3,9,2,0.8708590044472462,0
-1.27321150120093,1,2,2,-1.368867488034011,0
0.6802181917896237,1,6,1,-0.11474245758148789,1
-1.612938404329722,3,4,1,-0.6714605351426024,0
0.7651499175718217,3,6,0,1.5095609159376047,0
-0.84855287228994,2,2,2,-0.5602330937496353,1
0.3404912886608317,3,5,0,-0.42355464582780883,1
-1.27321150120093,2,9,0,-0.9247414943847583,1
1.1898085464828116,1,8,2,0.8653734077536467,1
-0.16909906603235617,3,6,0,0.09116205041647094,0
-1.103348049636534,1,4,0,-1.8307229431052119,1
1.2747402722650096,1,4,0,0.7943470522114107,0
-1.69787013011192,1,6,2,-1.4021529867301676,1
-0.763621146507742,3,10,1,-0.6987388637555854,1
0.5952864660074257,1,5,0,0.3859361292037182,0
0.9350133691362177,3,5,2,0.9888523781397748,1
1.0199450949184157,3,5,2,0.9657764869379192,1
0.4254230144430297,3,6,1,0.26551479709521963,1
-1.103348049636534,2,8,2,-0.1724745407337723,0
1.6144671753938016,3,5,2,1.2601701761610764,1
-1.612938404329722,3,9,1,-0.3061598915553331,0
-0.3389625175967521,3,5,1,-0.3254480224106269,1
-1.358143226983128,2,9,2,0.1995174094167309,0
1.1898085464828116,3,3,0,0.143298413491279,1
0.8500816433540197,3,8,1,1.4004956039863388,0
0.0007643855320398109,2,4,1,0.6268445447451559,0
0.4254230144430297,1,9,2,0.6063825712265508,1
-0.16909906603235617,1,6,1,-0.07183427272268621,1
-1.27321150120093,1,5,1,-1.1815859333821361,0
0.8500816433540197,3,4,2,0.6046189835550738,1
0.5103547402252278,1,1,0,-0.5601483834543445,0
0.17062783709643578,2,4,2,-0.42839684765955893,1
0.5952864660074257,2,1,2,0.7314403801639509,0
-1.69787013011192,2,7,2,-1.0402681849548994,1
-0.4238942433789501,2,6,1,0.4428828269039525,0
-1.018416323854336,2,5,0,-1.6986398270117176,1
1.3596719980472076,3,2,1,0.8636775883184024,1
-0.5088259691611481,2,10,0,-0.1689852833325198,0
1.6144671753938016,2,4,1,1.2488198033568632,0
-0.6786894207255441,1,9,2,0.21183589988140733,1
1.1048768207006137,1,8,0,0.7477446917132256,1
0.4254230144430297,1,4,2,1.0110690649179699,0
-1.018416323854336,1,1,0,-2.1383657258941655,1
-0.933484598072138,2,1,0,-1.5825379131983184,0
0.3404912886608317,2,6,1,-0.05817695621006146,1
-1.69787013011192,3,9,1,-0.3709870670117366,0
0.5952864660074257,1,9,2,1.171783050672585,1
-1.358143226983128,3,9,2,-0.5980058178020381,1
-0.763621146507742,1,5,1,-0.5803844628521752,0
1.6144671753938016,3,6,1,1.1622075602458881,1
-1.358143226983128,2,10,0,-0.8033181604976806,0
-0.933484598072138,2,5,2,-0.8180775176137994,0
1.4446037238294056,2,2,2,2.0335223290745903,0
1.1048768207006137,2,8,0,1.9095427611815312,0
0.7651499175718217,3,9,0,1.3037346641172,0
1.5295354496116036,2,7,1,1.141000136128726,1
-1.528006678547524,1,9,1,-1.620304183132985,1
1.1898085464828116,2,9,0,0.9292849052561957,1
-1.103348049636534,2,5,2,-0.5863226545520406,0
1.0199450949184157,2,9,1,0.6509627759614434,1
-0.3389625175967521,3,7,1,0.3723356896036458,0
-0.5088259691611481,1,4,0,-1.1642279871123908,1
1.2747402722650096,2,8,2,1.133039788665568,1
1.4446037238294056,1,7,2,1.0784367424683718,1
-0.6786894207255441,1,8,1,-0.0580805478263737,0
-1.188279775418732,2,8,2,-0.9438392287668277,1
1.2747402722650096,2,9,1,1.0428330053577646,1
-0.5937576949433461,1,8,1,-0.32877350657431786,0
0.6802181917896237,1,3,2,0.6215574121719519,0
-0.08416734025015818,3,10,1,1.3526379175884193,0
-1.612938404329722,1,6,1,-1.5488062736136319,1
0.3404912886608317,2,2,0,-0.4948948328449783,0
-0.763621146507742,1,1,1,-1.1865168793327614,1
-1.188279775418732,3,4,2,-0.8671255853517297,1
0.2555595628786338,2,4,1,-0.025402542962157628,1
-1.103348049636534,3,4,1,-0.8311596108831659,1
-1.103348049636534,2,9,0,-0.968600854844965,0
0.17062783709643578,3,4,2,0.7119848456298687,0
-1.612938404329722,3,8,1,-0.9400228282728104,0
0.9350133691362177,2,5,2,0.7495873423269734,1
-0.6786894207255441,2,5,1,-1.1955086754866715,1
0.8500816433540197,2,8,0,1.425208420799094,0
1.3596719980472076,1,4,0,1.3700285378292052,0
-0.5937576949433461,1,2,1,-1.2670432928006508,1
1.3596719980472076,2,4,0,0.9891286950553656,0
1.3596719980472076,1,8,2,1.9454962307969812,1
0.6802181917896237,2,2,0,0.21746510069464203,1
1.5295354496116036,2,2,0,1.0835286379800493,0
-0.2540307918145541,1,8,2,-0.6251058514125518,1
-1.103348049636534,2,6,1,-1.0013175844155993,1
-0.84855287228994,1,9,1,-0.5124589074999306,0
-1.69787013011192,3,4,2,-0.7820155381439062,1
1.2747402722650096,3,8,2,1.339800677410678,1
0.7651499175718217,2,1,1,0.23454673004879653,1
-1.612938404329722,2,9,0,-1.3975637056372139,1
-1.69787013011192,3,9,1,-0.7995001464742287,1
-1.69787013011192,2,3,2,-1.4513672479998108,1
0.0856961113142378,3,2,0,0.15276620082824954,0
-1.018416323854336,2,3,0,-1.2413151625914842,0
-0.5088259691611481,1,6,0,-0.453799448305394,0
0.17062783709643578,1,1,1,-0.29712372334198556,1
1.0199450949184157,2,1,0,0.33488163761447853,0
0.4254230144430297,2,8,2,1.8225719111538268,0
1.0199450949184157,1,2,1,-0.5170631137401498,1
-1.358143226983128,3,3,0,-0.8404785501298407,0
0.8500816433540197,1,5,2,0.29140791068902283,1
-1.358143226983128,3,6,0,-1.45055725622389,1
0.17062783709643578,1,1,2,-0.5978686678001394,1
0.2555595628786338,3,5,2,0.37159064238744766,1
0.4254230144430297,1,10,0,0.8100479037523304,0
0.7651499175718217,2,10,2,0.6327476421798297,1
-1.528006678547524,3,2,0,-2.008415695712558,1
0.4254230144430297,1,1,2,-0.4028804931886192,1
0.5952864660074257,2,7,2,0.9241405700379098,0
0.5952864660074257,3,9,2,1.568232879985256,0
1.6144671753938016,3,5,0,1.151216601123122,1
0.7651499175718217,3,6,0,0.9908700966971236,0
1.0199450949184157,1,9,0,0.7409686748547009,0
-0.16909906603235617,2,1,2,-0.8516631327846991,1
1.0199450949184157,1,9,2,1.1589946197602257,1
-0.6786894207255441,3,10,1,0.6732795015645527,1
0.6802181917896237,3,3,2,1.3506911943261717,0
0.6802181917896237,2,3,0,0.14246300862677078,0
0.8500816433540197,3,10,0,1.518743108564739,1
-0.84855287228994,1,4,0,-1.0323901274928806,0
1.0199450949184157,2,4,2,0.3325113628757776,1
1.1898085464828116,2,5,2,1.4952952988283221,1
-0.08416734025015818,1,8,1,-0.12588791214756978,1
1.5295354496116036,1,8,2,1.8934873365474676,0
1.3596719980472076,3,7,1,1.156613453697845,1
1.5295354496116036,2,5,2,2.1299585461451156,0
-1.27321150120093,3,4,1,-0.8771992529912068,0
-0.4238942433789501,3,6,2,0.45092304407409844,0
0.9350133691362177,1,4,1,-0.09159032711387083,1
-0.5937576949433461,1,10,0,-0.5817579797829573,1
-0.2540307918145541,2,9,2,-0.04846149210495521,1
0.5103547402252278,3,7,0,0.16093308005897336,1
-0.2540307918145541,2,9,1,-0.023175468960734236,1
-0.933484598072138,2,7,1,-0.8268958593535429,1
1.6144671753938016,1,3,0,0.3681356724866695,1
-0.16909906603235617,3,10,0,-0.02950978213667273,1
-1.188279775418732,3,6,2,-0.42365831509395036,1
-1.103348049636534,3,10,2,-0.01487143972811173,1
0.0856961113142378,3,4,2,1.1890615306177013,0
0.0856961113142378,2,8,1,0.545792120681749,1
0.6802181917896237,3,1,2,1.518694299299357,0
1.4446037238294056,2,4,2,1.4079614046779436,0
0.5952864660074257,2,3,0,-0.2348568157151479,1
1.0199450949184157,1,4,1,0.810825624939569,0
0.6802181917896237,1,4,2,0.06038397646091398,1
0.7651499175718217,1,2,2,0.5540049855013442,0
0.9350133691362177,1,3,2,0.6937495427303288,1
-0.5088259691611481,3,4,2,-0.6908277289401671,1
0.5103547402252278,2,3,0,-0.2997977449966562,1
1.5295354496116036,3,6,2,1.0717268803166455,1
0.9350133691362177,1,10,0,0.24934239157718316,1
-0.3389625175967521,1,5,1,-0.92968171812963,1
1.2747402722650096,2,5,2,1.2212994453287644,0
1.3596719980472076,2,2,2,1.1972889172022034,1
1.5295354496116036,2,6,2,1.1517345440714695,1
0.5952864660074257,3,1,2,0.22077444956399156,1
1.1898085464828116,1,4,1,-0.05251145098455965,1
0.7651499175718217,1,4,0,0.23567458712323633,0
-1.69787013011192,3,3,2,-0.6632456534112139,0
0.4254230144430297,2,7,0,0.23806382083278746,1
1.4446037238294056,3,3,0,1.3078612656449242,0
-1.27321150120093,2,4,0,-1.9878782896929086,1
-1.443074952765326,2,4,1,-1.1818929073569746,0
0.0007643855320398109,2,10,0,-0.33536880813622294,1
1.2747402722650096,1,8,1,1.5669477037909907,0
-1.103348049636534,1,7,1,-0.8526687650045055,1
-1.612938404329722,3,8,2,-0.29452311727656644,0
0.3404912886608317,2,1,2,0.3533670375763047,0
0.5952864660074257,2,7,2,0.23475931255174007,1
-1.103348049636534,3,6,1,-0.25442852436848573,1
0.5952864660074257,1,8,1,1.469967323918814,0
-1.103348049636534,3,10,1,0.10698875725325067,1
1.2747402722650096,3,2,2,0.9731458792458363,1
1.0199450949184157,3,5,0,0.4501449195045015,1
-1.528006678547524,1,9,0,-1.7459545607550606,1
-1.358143226983128,2,2,2,-1.3483320989261542,0
0.5952864660074257,2,7,2,0.2992690260919836,1
0.9350133691362177,1,2,2,0.8771263561516691,0
0.4254230144430297,1,2,0,-0.45215889225326755,1
0.2555595628786338,3,4,2,0.16497335776197236,1
-1.443074952765326,3,2,2,-0.5218552961594424,0
1.6144671753938016,3,3,1,0.974826370151457,0
-0.2540307918145541,3,2,1,-0.07368983157190721,0
-1.018416323854336,1,3,2,-0.9711792748806651,1
-0.763621146507742,2,3,2,-0.5075291716963809,0
1.4446037238294056,1,2,0,1.1554012897104733,0
0.4254230144430297,3,9,0,1.2686750898082448,0
-1.27321150120093,1,3,0,-1.5658657169380679,0
0.5103547402252278,3,5,1,0.6261862247360412,1
-1.69787013011192,3,4,1,-1.625486839675331,1
1.1898085464828116,3,6,2,1.7307515984119182,1
0.0856961113142378,3,1,0,-0.618059971756173,1
-1.27321150120093,2,1,2,-1.6359356529082378,1
1.6144671753938016,2,8,0,1.3042324379476213,1
1.5295354496116036,1,4,0,0.3676887248334229,1
-1.103348049636534,2,8,2,-0.7855451337810114,0
0.17062783709643578,2,6,1,0.30611482809853374,0
-0.6786894207255441,3,4,1,0.04639064244363675,0
-1.188279775418732,3,8,0,-0.8737721164731677,1
1.6144671753938016,1,4,2,2.046506803813194,0
-1.103348049636534,1,2,2,-1.382736983667221,1
-0.5937576949433461,1,6,1,-0.43267875139531536,0
1.3596719980472076,1,4,2,1.5924773698797623,0
-1.612938404329722,2,6,0,-1.832000858417023,1
1.5295354496116036,3,5,1,1.124061707511848,1
-0.5937576949433461,1,9,1,-0.15489755784334697,0
0.5103547402252278,1,7,2,0.7449609500570352,0
0.6802181917896237,1,3,2,0.4888785003349142,0
-1.358143226983128,2,7,0,-1.0171713178704003,0
1.0199450949184157,1,4,0,0.3133680462871951,0
-0.763621146507742,2,8,0,-1.3174108242333205,1
0.7651499175718217,1,4,1,0.11528028163275897,1
0.8500816433540197,1,8,0,0.041238239578180444,1
1.4446037238294056,3,6,1,2.2501047714850992,0
1.1898085464828116,3,3,1,1.2422075597359,1
0.5103547402252278,1,1,0,-0.6625683744312485,0
-0.6786894207255441,1,9,1,-0.9142079708565614,1
-0.763621146507742,2,3,1,-0.6985436266940581,0
-0.933484598072138,2,3,2,-1.3226281716584993,1
-0.4238942433789501,1,2,1,-0.48247670693774647,0
-1.612938404329722,1,6,2,-1.6673232376075282,1
-1.443074952765326,3,9,2,-0.6728832647211248,1
-1.612938404329722,1,10,2,-1.0627357755600972,1
0.17062783709643578,1,5,1,0.006866835572871112,0
0.2555595628786338,3,4,2,0.9600399864173164,0
0.8500816433540197,2,9,1,1.4145918005050402,0
0.4254230144430297,2,6,0,0.3535332311080174,0
-0.933484598072138,2,8,0,-0.8385269862792902,1
-1.27321150120093,2,8,2,-0.9882463824699133,1
-1.27321150120093,2,6,0,-1.655247179940326,1
-0.84855287228994,2,7,0,-0.23340988319511427,0
-1.612938404329722,2,5,0,-1.7044416754744014,1
-1.358143226983128,2,5,2,-0.4675398615838756,0
1.2747402722650096,2,7,0,1.376499597624684,0
-1.443074952765326,2,9,2,-0.7222798548168218,1
-0.2540307918145541,3,10,0,0.3596525414868618,0
1.2747402722650096,3,4,2,0.8097982100724025,1
0.2555595628786338,3,3,0,-0.344809165472814,1
-0.2540307918145541,3,1,1,-0.7163267379696905,1
0.5103547402252278,1,7,2,-0.21417822587001442,1
-1.27321150120093,1,1,2,-1.508618499380732,1
-1.358143226983128,3,2,0,-1.3710191295343905,1
-1.69787013011192,2,10,1,-1.0876365685519263,1
-0.5937576949433461,1,5,1,-0.48192044266533834,0
-1.188279775418732,2,7,0,-1.3184684927773764,1
1.4446037238294056,2,4,1,1.4522765872032846,0
1.1898085464828116,3,7,0,1.51527482704613,0
-1.358143226983128,1,6,2,-1.118586483392215,0
0.9350133691362177,2,2,2,0.1190870009501715,1
0.0856961113142378,2,7,0,-0.8028373287263173,1
0.17062783709643578,3,3,2,0.3966753777347644,0
1.5295354496116036,2,6,0,1.9518365947082974,0
-0.763621146507742,3,4,0,-0.8092991107275496,1
-1.018416323854336,3,9,0,0.08116139498388689,0
-1.612938404329722,1,2,1,-1.937221936491534,1
-1.69787013011192,3,3,2,-1.184765796514399,0
0.4254230144430297,3,10,0,0.9098914916053265,0
1.0199450949184157,2,8,1,1.3547778610004015,0
0.4254230144430297,2,1,1,0.04086874133777021,0
-1.69787013011192,1,10,1,-0.889126059185754,0
-1.443074952765326,2,1,0,-2.3950843095956826,1
0.5952864660074257,3,6,0,1.3234794238023453,0
-0.84855287228994,1,1,1,-1.8219622850427375,1
0.0856961113142378,2,1,2,-0.11504055714443881,1
-0.2540307918145541,2,3,2,0.32133242757393854,0
-1.103348049636534,3,3,2,-0.9635880222755585,1
-0.933484598072138,1,1,0,-1.7545760519038431,0
0.3404912886608317,1,9,2,0.8370926739797263,0
0.0007643855320398109,1,3,0,-0.6552574725653175,0
0.4254230144430297,3,10,1,1.0864628412559698,1
-0.4238942433789501,3,9,0,0.06903007393356722,1
-1.358143226983128,3,5,2,-0.7535544924557245,0
-0.16909906603235617,1,10,1,0.23479077637570506,0
0.0856961113142378,1,8,2,0.32155791831235464,1
-1.443074952765326,2,10,0,-0.9588337577979675,1
-0.08416734025015818,3,4,0,-0.03704335106450976,1
1.3596719980472076,2,6,2,0.9848750280847058,1
1.2747402722650096,3,2,1,1.3058383031169145,0
1.0199450949184157,1,5,2,1.1158214126918726,1
-0.08416734025015818,2,10,2,-0.15762885979292882,1
-1.27321150120093,3,4,2,-1.0149527148985056,1
-1.69787013011192,1,10,1,-1.2044883701698255,0
-0.933484598072138,3,3,2,-0.4913971044141971,1
-0.763621146507742,2,2,2,-0.6015414641745208,0
0.3404912886608317,3,2,0,-0.18763768359077582,1
0.5952864660074257,3,5,2,0.8714757760734326,1
-0.84855287228994,2,7,2,0.22234764076224414,0
-0.4238942433789501,2,5,2,0.19138159062761437,0
-1.188279775418732,2,5,0,-1.1249607314216477,0
-1.27321150120093,1,5,2,-1.2701614384320588,1
-0.6786894207255441,3,3,0,-0.8815513452573471,0
0.3404912886608317,2,4,1,0.01126491342788335,0
0.3404912886608317,3,9,2,0.7251589100769792,1
1.5295354496116036,1,2,0,0.5767924583168538,1
0.9350133691362177,1,9,0,1.5282395360491652,0
-0.6786894207255441,3,1,1,-0.9873891949580449,0
1.3596719980472076,1,9,1,0.6468264932571149,1
-1.018416323854336,2,7,1,-0.7152545476607275,0
0.5952864660074257,3,3,0,0.3939001071081033,1
-0.5088259691611481,3,6,1,-0.46924294190157373,1
-0.4238942433789501,2,3,0,-0.7012136145251439,0
1.0199450949184157,2,4,0,-0.10322589124556193,1
0.5103547402252278,1,10,2,0.10130388967453918,1
0.7651499175718217,1,10,1,1.131906284238109,0
-1.358143226983128,2,6,0,-1.4289900150429224,0
0.4254230144430297,3,8,1,1.7768763541976076,0
0.4254230144430297,1,8,2,0.43939800670864376,1
0.6802181917896237,2,6,0,0.536069395694189,0
-1.528006678547524,3,8,2,-0.5739872220283061,0
1.2747402722650096,1,4,1,0.21483222404054067,0
1.1048768207006137,1,10,0,0.7967011916557701,1
-1.103348049636534,1,5,0,-1.5449338029717794,0
0.2555595628786338,2,1,2,-0.02055388701267158,0
0.3404912886608317,1,5,2,-0.2842179081632949,1
-1.612938404329722,1,6,1,-1.847827565253803,1
1.1898085464828116,3,6,1,1.10383046870232,1
1.3596719980472076,3,3,0,0.5656223974269018,1
1.1898085464828116,3,1,0,0.7149666480240952,0
-0.4238942433789501,1,5,1,-1.0839548977656563,1
0.4254230144430297,3,1,0,-0.4163611282282098,1
-1.528006678547524,2,6,0,-1.6889021768768926,1
-0.2540307918145541,1,1,1,-0.7383784413632478,0
-0.5937576949433461,3,8,1,0.4288217246504425,0
-0.84855287228994,1,10,0,-1.0220187636728109,1
0.5952864660074257,2,6,0,0.5164299188046191,0
1.4446037238294056,3,7,0,1.4605785995241143,0
-0.3389625175967521,2,1,0,-0.5273667093239874,0
1.0199450949184157,3,8,0,2.071472541364746,0
1.0199450949184157,1,1,2,0.014249942880977995,1
1.0199450949184157,2,4,2,0.8991647479273951,0
-0.84855287228994,1,3,0,-1.2208451214257086,0
-0.5937576949433461,1,1,0,-1.6238474937702803,1
-1.358143226983128,2,1,1,-1.367888479049868,0
-1.358143226983128,3,9,2,-0.1728500897095602,1
0.17062783709643578,3,9,0,0.20873025910311313,1
-1.103348049636534,3,3,0,-1.572330725998169,1
0.8500816433540197,1,3,1,-0.5204660473166777,1
1.6144671753938016,3,1,2,1.1532944236518907,1
-1.018416323854336,3,6,1,-0.10125657857123624,0
-1.528006678547524,3,6,0,-1.206457682844151,1
0.7651499175718217,2,10,0,1.2098099056108602,0
-1.358143226983128,3,8,1,-0.747280686633565,1
-1.69787013011192,2,9,2,-1.0021025664852918,1
-0.3389625175967521,2,10,1,0.19509875906143404,1
-1.528006678547524,3,10,0,-0.42571717865186837,0
0.4254230144430297,2,7,1,0.17151541285255226,1
0.4254230144430297,3,9,2,1.8083680115453977,0
0.4254230144430297,3,6,1,0.4027688716426627,1
1.3596719980472076,2,8,2,1.4733593661716615,1
0.3404912886608317,3,7,2,0.442412886456269,1
0.7651499175718217,1,3,0,-0.5549673404414326,1
-1.612938404329722,2,2,0,-2.369295672032738,1
0.17062783709643578,1,10,0,0.8401454716690531,0
1.3596719980472076,1,1,1,0.48176727273645364,1
1.1898085464828116,3,9,1,0.9218691239770482,1
0.2555595628786338,2,5,2,0.5511692075209041,1
-1.443074952765326,2,6,1,-1.5358790791699395,1
1.1898085464828116,2,1,2,0.2552547668061029,1
1.1048768207006137,2,5,0,0.2320877111912205,1
0.9350133691362177,2,7,0,0.6250507033967894,1
0.0856961113142378,3,4,0,0.5094368822372071,0
0.0007643855320398109,1,7,0,-0.6418349245853547,1
-0.763621146507742,2,5,2,0.1635038358298613,0
-0.4238942433789501,2,1,0,-0.8705644199581664,0
0.7651499175718217,1,4,1,-0.08661863954503414,1
1.4446037238294056,2,1,1,0.7694321408370337,1
0.7651499175718217,3,7,0,0.8407876563838268,0
1.2747402722650096,3,9,0,1.307697895789721,0
0.0856961113142378,1,7,2,0.3334117123000086,0
-0.763621146507742,3,10,2,0.04259844489113118,1
0.0007643855320398109,1,4,1,-0.6877212813971562,1
0.3404912886608317,2,3,2,-0.17473106164736854,1
-1.27321150120093,1,5,2,-1.0191006956912316,0
-1.443074952765326,1,1,0,-2.12132524154058,1
0.3404912886608317,2,6,1,0.3687927823487092,1
1.2747402722650096,1,1,2,0.23618889963035739,1
1.1048768207006137,3,9,1,2.03616125646407,0
-1.358143226983128,3,5,1,-0.8510124770403966,0
1.0199450949184157,2,8,0,0.5781829173066939,1
0.5952864660074257,3,7,0,1.2782901117060779,0
0.2555595628786338,3,10,0,0.5692826889481696,1
-0.16909906603235617,1,3,0,-0.6713371001408934,1
0.0856961113142378,1,6,2,0.664148135114593,0
-0.84855287228994,2,2,0,-1.3606195289492238,0
1.0199450949184157,2,7,2,1.0069670697141158,0
-0.5088259691611481,1,6,1,-0.23829605370394355,0
-1.018416323854336,1,7,2,-1.0113295345542221,1
-0.3389625175967521,1,4,2,-0.12804197394209998,1
1.5295354496116036,2,5,1,1.1733481742236673,1
-0.3389625175967521,1,8,2,0.11524841442643506,1
-1.528006678547524,2,3,1,-2.005742884204963,1
-0.3389625175967521,3,1,2,-0.29759326040731016,1
1.6144671753938016,3,5,1,0.9096522858667206,1
-1.528006678547524,1,5,2,-1.7059640404954797,1
-0.08416734025015818,3,5,1,-0.023035495282325562,1
0.5103547402252278,2,2,1,0.11848192741238205,0
0.0007643855320398109,2,5,2,0.2928024035024485,0
-1.018416323854336,1,1,1,-1.9414417193440776,1
-0.6786894207255441,2,10,0,-0.3955050501453238,0
-0.08416734025015818,2,2,0,-0.6010505478441944,0
-0.763621146507742,1,1,0,-1.699904834088056,1
1.3596719980472076,2,7,0,0.888252044982183,0
-0.2540307918145541,1,8,1,-0.09636395394467095,1
-0.84855287228994,1,1,1,-1.746897668709295,1
1.5295354496116036,1,9,2,1.617128065809305,1
1.1898085464828116,1,3,1,0.266303812988497,1
-0.16909906603235617,2,6,2,0.6185739962482911,0
-0.4238942433789501,3,4,2,0.7400304074887684,0
1.2747402722650096,1,5,2,0.6015738501305585,1
0.5952864660074257,2,3,2,0.4252707497483355,0
-1.612938404329722,1,10,0,-1.5057924025768967,1
-0.763621146507742,3,5,1,-0.3782983722600259,0
1.6144671753938016,2,9,2,1.5953946310966238,1
0.0007643855320398109,3,2,1,0.5590900235129267,0
-0.5937576949433461,3,5,2,-0.04277541437916877,1
-0.3389625175967521,3,7,1,0.3569369714492625,0
-1.27321150120093,3,3,1,-1.3823307776321851,1
0.5952864660074257,3,8,1,1.5977870918650443,0
0.0007643855320398109,1,9,0,0.08811732037431455,0
0.8500816433540197,2,3,1,0.775239636652737,0
0.3404912886608317,1,5,2,0.18586170643354,0
-1.612938404329722,3,6,0,-0.8670977519689912,0
1.1048768207006137,2,8,0,1.3789598266293361,0
-1.27321150120093,1,8,1,-1.3264619175939334,1
0.9350133691362177,1,5,2,1.0863196405186928,0
-0.84855287228994,1,3,0,-1.4719316806374816,1
1.5295354496116036,2,1,1,1.0639000524141597,0
-0.4238942433789501,2,8,0,-0.8756785014995628,1
1.1898085464828116,2,2,0,0.5777412136241078,0
-1.188279775418732,1,1,2,-1.5660932245882768,1
-0.933484598072138,2,8,1,-0.337973448025227,1
0.4254230144430297,1,3,0,-0.8040587705079348,1
-1.27321150120093,1,3,1,-1.7755321688116432,1
1.2747402722650096,3,2,0,0.6574039854623916,0
0.5952864660074257,1,8,2,0.14750448134363237,1
0.8500816433540197,3,3,0,0.7070587402675452,0
-1.69787013011192,1,5,1,-2.1861786368502885,1
0.0856961113142378,1,7,0,-0.7868258727693324,1
-0.2540307918145541,2,2,1,-0.6562663318439922,0
-1.69787013011192,1,2,0,-2.7275633441991007,1
-0.16909906603235617,1,2,0,-1.0488965336037768,1
-0.16909906603235617,2,7,0,0.0125783263872449,0
-1.358143226983128,1,7,0,-1.9936381863903057,1
0.4254230144430297,2,10,2,0.3966693269993862,1
-1.103348049636534,2,8,1,-1.2499467382992302,1
0.5952864660074257,1,4,1,-0.01108166246975664,1
0.0856961113142378,1,1,0,-0.9394980278243679,0
-0.5937576949433461,3,7,2,-0.39558169279344413,1
1.1898085464828116,1,9,2,1.4700851115675038,1
-1.528006678547524,3,4,2,-0.7666107692541453,0
0.7651499175718217,1,8,2,0.3551467605421226,1
1.6144671753938016,3,6,0,0.8533473694989019,1
-0.2540307918145541,1,6,2,-0.576939980892719,1
-1.103348049636534,2,3,1,-1.229061616686531,0
0.6802181917896237,2,3,2,0.8457875807177608,0
-0.5088259691611481,1,2,0,-0.8220375222274521,0
0.7651499175718217,1,7,1,0.8991720088098488,0
-1.528006678547524,1,4,1,-1.7979594211809886,0
-1.27321150120093,2,9,1,0.004525200981625803,0
-1.018416323854336,2,1,1,-1.271820146690319,1
1.2747402722650096,1,8,1,1.6252344376862493,0
1.1048768207006137,2,5,2,1.3317874868585533,0
-1.443074952765326,2,7,2,-0.7457655824949402,0
0.17062783709643578,2,6,2,0.47424540189701364,1
-0.2540307918145541,2,5,2,0.15967210680621974,1
-0.933484598072138,2,6,0,-0.8210726316258572,0
-1.443074952765326,1,8,0,-1.2741795301053394,0
1.1898085464828116,1,2,1,1.2435298471071492,0
-0.4238942433789501,3,9,2,0.4063061315445799,0
-1.018416323854336,2,7,2,-0.30499532668626783,0
-0.84855287228994,1,7,0,-0.7811111548960903,0
-1.443074952765326,3,9,2,-0.476081886408029,1
-1.27321150120093,2,2,2,-1.5244645685707208,1
-1.358143226983128,2,6,2,-0.7440834780598851,1
0.3404912886608317,3,2,0,0.11309273910247039,0
-1.528006678547524,1,10,1,-0.9430243964026047,0
0.6802181917896237,1,8,0,0.10273226660608097,1
-0.933484598072138,2,5,0,-1.323683823290763,0
0.5952864660074257,1,9,2,1.067810844380072,0
0.8500816433540197,3,9,1,1.314878101771489,1
0.17062783709643578,2,10,2,1.2358688093540178,1
-1.528006678547524,3,6,0,-1.5090896499754907,0
-0.4238942433789501,1,6,1,-0.5273017647642647,0
1.0199450949184157,2,2,0,-0.18907130449297863,1
-0.6786894207255441,1,5,1,-1.0342396356067234,0
0.5103547402252278,3,5,0,-0.015604385473553953,1
-0.763621146507742,1,10,1,-0.4515647100391585,0
0.6802181917896237,1,9,2,1.179740977841592,0
0.2555595628786338,3,2,1,0.522697673891401,1
1.3596719980472076,2,10,2,2.05484270025214,1
0.17062783709643578,2,9,2,1.367761932356646,0
0.0856961113142378,3,1,2,-0.11736444291190887,1
0.3404912886608317,3,10,0,0.1968554892328162,1
-1.528006678547524,1,7,2,-1.3479896273037653,1
0.6802181917896237,1,5,1,-0.20669023914869047,1
1.5295354496116036,1,9,1,0.88016987604675,1
-0.763621146507742,3,1,1,-1.2818930075650794,1
-1.69787013011192,3,4,1,-1.6924830020735306,1
-1.018416323854336,2,3,2,-0.2714359313686721,0
1.2747402722650096,3,2,2,0.5999994487852304,1
-1.018416323854336,3,7,0,-0.45738148364910763,0
-0.5088259691611481,3,3,0,-0.9713406278240757,1
1.2747402722650096,3,1,2,1.919904847207355,0
0.5952864660074257,1,3,1,-0.5065457255062936,1
0.4254230144430297,2,5,0,0.05014492205444075,0
0.7651499175718217,2,6,0,0.6838102014162404,0
-1.358143226983128,3,10,0,-0.8456862163784149,0
-0.763621146507742,3,7,0,-0.34840531919907575,1
0.7651499175718217,2,2,2,0.497483452806997,0
0.5952864660074257,3,10,0,1.0829973834138702,1
0.9350133691362177,3,1,0,0.04225234282751555,1
0.3404912886608317,3,7,0,0.5565773548016666,0
0.2555595628786338,2,8,0,0.09368117324546817,1
0.2555595628786338,1,9,1,-0.014106223393987287,1
0.0856961113142378,3,4,1,0.2478922319982812,1
0.4254230144430297,1,1,2,0.08822381331696548,0
0.0856961113142378,3,5,2,0.7757483018068386,0
0.0856961113142378,1,1,2,-0.9909139500068473,1
0.2555595628786338,3,9,1,0.3053455779408238,1
-1.358143226983128,2,2,0,-1.9074607894618216,1
-1.443074952765326,1,8,1,-1.0956356407215022,0
1.4446037238294056,3,9,1,2.124218818565644,0
-1.528006678547524,3,5,2,-0.44596253584394496,0
1.1898085464828116,3,2,0,1.2091588464841982,0
0.17062783709643578,1,1,0,-0.8926137030575727,1
1.1898085464828116,1,3,0,0.7835101851496017,0
-0.5088259691611481,1,8,1,0.012553316681016457,0
0.2555595628786338,3,1,2,0.297921729014506,1
1.0199450949184157,2,6,1,0.18725418233517296,1
-0.5088259691611481,3,9,1,-0.1855421122382318,1
-1.528006678547524,1,6,1,-1.7967282982227661,1
1.4446037238294056,2,8,1,1.58725800554279,0
-0.3389625175967521,2,1,2,0.0486830643871418,0
1.5295354496116036,2,3,2,2.044667380258314,0
0.7651499175718217,3,10,1,0.9670406872495405,1
0.9350133691362177,1,7,1,1.2213119501818792,0
0.0007643855320398109,2,6,0,-0.7195864708089414,1
-0.4238942433789501,2,2,2,-0.0318925617284873,0
0.4254230144430297,2,5,1,0.08261800868052539,0
1.5295354496116036,1,10,1,0.5741720865158666,1
1.5295354496116036,2,4,2,1.075504959486603,1
-0.6786894207255441,3,7,0,-0.3943126518935201,0
0.5103547402252278,2,9,0,1.100193976740205,0
1.1898085464828116,3,2,0,0.8282061606213916,0
0.0007643855320398109,3,2,0,-0.8956548026585025,1
0.2555595628786338,1,4,1,-0.588400073698451,1
-1.443074952765326,2,6,2,-1.2273190048976972,1
1.3596719980472076,3,5,1,0.7696342353986552,1
1.4446037238294056,1,2,1,0.502958158176916,1
0.8500816433540197,1,8,1,1.1453550520713762,0
0.2555595628786338,1,5,0,-0.35189417321796995,1
1.5295354496116036,2,3,0,1.158011173570139,0
1.3596719980472076,3,3,2,0.8792828382403505,1
-1.358143226983128,1,10,1,-0.709725789054766,0
-0.16909906603235617,2,9,1,0.0498573104328119,1
1.1048768207006137,3,7,1,0.856954414548844,1
-1.188279775418732,1,2,0,-1.8795781940757665,0
-0.2540307918145541,1,5,0,-0.4170944773560103,0
-1.69787013011192,1,3,0,-2.1164225323550516,1
0.17062783709643578,3,4,0,0.5657038806633242,0
0.9350133691362177,2,5,2,0.334045829367612,1
-1.018416323854336,1,2,1,-1.3831076920547067,1
1.0199450949184157,3,4,0,1.3101669992062606,0
1.3596719980472076,1,8,0,1.3541393067268543,0
-1.103348049636534,2,4,2,-0.45788450145019,0
-1.188279775418732,1,10,2,-0.39795156414978616,0
0.2555595628786338,3,8,2,0.16570832041920733,1
1.6144671753938016,1,10,1,0.6757627233636406,1
-0.933484598072138,1,2,1,-1.6071430269213474,1
-0.5088259691611481,3,8,0,0.4557846082590576,0
-0.6786894207255441,1,2,0,-1.7697589604964146,1
-1.612938404329722,1,6,2,-1.2042330291368784,1
-0.3389625175967521,2,9,1,0.13164873097703925,0
-0.2540307918145541,3,3,0,-0.33539381784245137,0
0.5103547402252278,2,8,2,1.2048321673066453,0
-0.3389625175967521,1,5,0,-0.6824692430891438,0
-0.933484598072138,2,4,2,-0.5160643390204389,0
1.0199450949184157,1,7,0,-0.2173169440017075,1
1.3596719980472076,1,6,2,1.2778492147882083,0
